"id","categoria","descrizione","trigger","P","I","score","color","status","owner","response","mitigation","residual_P","residual_I","residual_score","phase","confidence","last_review","ewi","falsifying_observation","top10_flag"
"RSK-TEC-001","Tecnico","Energy balance HALE inverno 44N - deficit -50% confermato da simulazione (vs +0-15% stima a mano)","Simulazione 365gg M+3 mostra -50.1% margin solstizio dic; perennial flight NON fattibile baseline 2026-28","5","5","25","RED","Showstopper","propulsion-energy-engineer","Mitigate","Plan A obbligato E5 'Seasonal-only mar-ott' (~7 mesi). Plan B Y6+: migrazione SS Li 450 Wh/kg o PEM+LH2. Plan C: ridimensionamento R&D-only fino tech 2030+","5","4","20","Y3-Y5 (Phase B 6B)","high","2026-05-17","Sim. allegato A.7 + monthly clear-sky variability + LiS pack TRL update trimestrale","Se al gate G5 (M+24) sim. con dati operativi reali conferma deficit >30% giorni anche scenario E5, Percorso 6B terminato come operativo perennial","Y"
"RSK-FIN-001","Finanziario","Mancanza commitment funding Phase B 6B - 5.5-13.5M EUR mix EDF+Horizon+PNRR+equity","Gate G5 M+24 mostra funding mix Phase B < 30%","4","5","20","RED","Showstopper","financial-cfo + sovereign-strategist","Mitigate","Mix funding: EDF (DG DEFIS) + Horizon Europe + PNRR Aerospazio + Series B equity (CDP, EIB); fasi graduali; partnership prime per cost sharing","3","4","12","Y2-Y3 (gate G5)","medium-high","2026-05-17","Calendar bandi EDF/Horizon + Series B pipeline + LoI investitori","Se al gate G5 funding < 30% committed, DEFER 6B a M+36 con re-review; se < 15%, Hold permanente fino 2030+","Y"
"RSK-REG-001","Regolatorio","Mancanza framework HAPS EASA/ENAC - no Special Condition aperto HALE solare civile","EASA non apre RMT HAPS nel calendario 2026-2028; ENAC non rilascia AMC HAPS","5","4","20","RED","Showstopper","aviation-regulatory + sovereign-strategist","Mitigate","Engagement EASA Innovation Network + consortium CIRA/TAS per Special Condition collettiva; partecipazione ASD-Eurospace HAPS WG; lobby DG MOVE/DG DEFIS","4","4","16","Y3-Y6 (Phase B/C)","high","2026-05-17","EASA RMT calendar (semestrale) + Special Condition published + ASD-Eurospace minutes","Se al gate G5 (M+24) RMT HAPS non aperto e nessuna Special Condition in dialogo formale, Phase B 6B sospesa fino 2028+","Y"
"RSK-HR-002","Risorse Umane","Reclutamento CISO + DPO + Head Regulatory - 3 ruoli senior in mercato compresso","Tempo hire > 9 mesi (vs target 3-6 mesi)","4","4","16","RED","Open-Critical","HR + CEO","Mitigate","Headhunter specializzati; contratti competitivi (180-220k EUR/anno per CISO senior); part-time fractional CISO/DPO M+0-6; partnership consulting Legal/Cyber","3","3","9","Y0-Y1","medium","2026-05-17","Hire pipeline weekly + headhunter pipeline status","Se ruoli senior non riempiti M+9, NIS2/Part-IS compliance a rischio + cap.OpEx esplode con consulting fees","Y"
"RSK-REG-008","Regolatorio","EASA Part-21 design organisation approval (DOA) - richiesto per HALE Phase C","Transition Phase B->C richiede DOA accreditata o partner con DOA","4","4","16","RED","Open-High","aviation-regulatory + systems-engineer","Mitigate","Partnership con DOA esistente (Leonardo, Tekever, AALTO) per Phase C; preparazione DOA Firmamento Y5+","3","3","9","Y5+","medium","2026-05-17","DOA holders pubblicati EASA + partnership negotiation status","","N"
"RSK-REG-018","Regolatorio","EUROCONTROL Network Manager - coordinamento ATM-ANS HAPS FL400+ EU airspace","EUROCONTROL non rilascia procedure operative HAPS perennial entro Y4-Y5","4","4","16","RED","Open-Critical","avionics-gnc-engineer + aviation-regulatory","Mitigate","Engagement EUROCONTROL precocemente (Y2-Y3); partecipazione workshop UAM/HAPS Network Manager; contributo definizione procedure","3","3","9","Y3+","medium","2026-05-17","EUROCONTROL Network Manager workplan + HAPS procedure pubblicate","Se EUROCONTROL declina procedure HAPS perennial entro Y5, operativita cross-border bloccata; ridimensionamento operazioni IT-only","Y"
"RSK-REG-019","Regolatorio","Part-IS EASA Reg.UE 2023/203 - ISMS obbligatorio da feb 2026, CISO assente","Audit ENAC Part-IS rileva non-conformita sostanziali ISMS","4","4","16","RED","Open-Critical","aviation-regulatory + CISO (new)","Mitigate","Assunzione CISO entro M+6; ISMS implementazione entro M+9; certificazione ISO/IEC 27001 entro M+12; audit interno + pre-audit ENAC","3","3","9","Y1 (M+0 → M+12) urgente","high","2026-05-17","CISO hire date + ISMS gap analysis + ISO 27001 cert progress","Se al M+9 ISMS non implementato, ENAC sospende operazioni commerciali continuative fino remediation","Y"
"RSK-REG-021","Regolatorio","AgID/PSN hosting dati PA - cloud non qualificato blocca contratti Regione/PC","Verifica AgID al M+9 rivela cloud Aruba/OVH non PSN-qualified per livello criticita","4","4","16","RED","Open-Critical","data-privacy + IT + DPO","Mitigate","Migrazione provider PSN-qualified (TIM Enterprise, Polo PSN, CDP Cloud) o cloud qualificato AgID (Aruba qualified, Engineering, Reply, Almaviva); audit AgID compliance","2","3","6","Y1+","high","2026-05-17","AgID qualifica list update + audit compliance internal","Se al M+9 dati Pentema non in cloud PSN-qualified, contratti PA pluriennali rifiutati","Y"
"RSK-REG-025","Regolatorio","Affidamento PA art.50 D.Lgs.36/2023 - contratto Regione > 140k EUR richiede gara","Regione Liguria contratto pluriennale > 300k EUR bocciato fase amministrativa","4","4","16","RED","Open-Critical","snai-funding + legal + business-model","Mitigate","Pre-engagement Regione + accordo quadro (art.59 D.Lgs.36); partnership Coopfond come veicolo non-gara; accordi di programma SNAI; gara con specificita tecniche Firmamento-friendly","3","3","9","Y0+","high","2026-05-17","Bando Regione pubblicato + legal review procedura","Se contratto Regione bocciato per gara, rinvio M+6-12 + competitor risk (Leonardo, Telespazio)","Y"
"RSK-REG-027","Regolatorio","NIS2 D.Lgs.138/2024 - registrazione ACN omessa, sanzioni fino 10M EUR / 2% fatturato","Firmamento classificata 'soggetto essenziale' senza registrazione entro 30gg","4","4","16","RED","Open-Critical","CISO (new) + legal","Mitigate","Registrazione preventiva ACN entro M+1; ISMS Part-IS allineato; notifica incidenti 24h procedure","2","3","6","Y0+ immediato","high","2026-05-17","ACN classification notice + sanction publications","Se incidente cyber senza registrazione, sanzione amministrativa + reputazione + esclusione bandi PA","Y"
"RSK-REG-030","Regolatorio","ENAV procedure FL400+ - HAPS perennial sopra FL400/FL650 senza procedure dedicate","ENAV declina procedure HAPS perennial entro Y4","4","4","16","RED","Open-Critical","avionics + sovereign-strategist + aviation-regulatory","Mitigate","Engagement ENAV precoce (Y2); contributo definizione procedure standard EUROCONTROL; testing spazio aereo segregato (Sardinia, GATB Apulia)","3","3","9","Y3+","medium-high","2026-05-17","ENAV operational instruction + AIP Italy SUP HAPS","Se ENAV declina procedure entro Y5, operativita italiana 6B bloccata; ridimensionamento test bed estero","Y"
"RSK-SUP-003","Supply Chain","Batterie LiS - capacity allocation Northvolt/Italvolt incerta","Northvolt bankruptcy o Italvolt ritardo > 2 anni production","4","4","16","RED","Open-High","propulsion-energy-engineer + supply-chain","Mitigate","Multi-vendor LiS pipeline (Oxis Energy heir, Lyten, NexTech); custom pack assembly con cell suppliers diversi","3","3","9","Y3+","medium","2026-05-17","Battery vendors financials + production timelines","","N"
"RSK-TEC-003","Tecnico/Regolatorio","Type Certification HALE timeline > 5 anni - no precedente HALE solare civile EU con TC emesso","EASA non apre RMT HAPS o Special Condition path entro 2028","4","4","16","RED","Showstopper","aviation-regulatory + sovereign-strategist","Mitigate+Accept","Parallel approach: ops 6A genera revenue + esperienza mentre TC HALE matura. Engagement EASA Innovation Network + consortium CIRA/TAS per Special Condition collettiva","4","3","12","Y4-Y8","medium-high","2026-05-17","EASA RMT HAPS calendar + advisory bodies pubblicazioni + AALTO/Skydweller TC progress","Se a Y5 (M+60) EASA non ha aperto RMT HAPS, Percorso 6B operativo commerciale rinviato a Y8+, scenario No-Go pieno se anche window IRIS2 chiusa","Y"
"RSK-TEC-016","Tecnico","NTN payload winter unsustainable - margin -58.9% con P_payload 500 W (scenario E5)","Simulazione M+3 (DR-014) conferma deficit anche con payload pulse-mode","4","4","16","RED","Open-Critical","propulsion-energy-engineer + telecom-ntn-payload-expert","Mitigate","NTN seasonal-only + payload pulse-mode duty-cycle < 30% + dedicated battery bank NTN","3","3","9","Y4-Y5","medium-high","2026-05-17","Sim. allegato A.7 update; product roadmap 5G NTN bypass requirements","","N"
"RSK-FIN-004","Finanziario","OpEx Y1 underestimato - +450-800k EUR per 3 FTE regulatory (CISO+DPO+Head Reg.Aff)","Audit regulatory M+3 rivela 3 FTE addizionali non-budget","5","3","15","RED","Open-Critical","financial-cfo","Mitigate","Aggiornamento Cap.8 OpEx Y1 con +450-800k EUR fixed cost; revisione mix funding equity Series A; cost sharing su CISO/DPO via partnership cooperative","4","2","8","Y0-Y1","high","2026-05-17","FTE hire pipeline + payroll forecast","","Y"
"RSK-TEC-002","Tecnico","Aeroelasticita ala high-AR (AR>=25) - flutter, divergenza, instabilita non lineare","Analisi aeroelastica preliminare M+12 mostra flutter speed < 1.3x Vdive o divergenza < 1.5x Vc","3","5","15","RED","Showstopper","aero-structures-engineer","Mitigate","Aeroelastic analysis non-lineare (NASTRAN+ZAERO o MSC.Nastran SOL145) + GVT (Ground Vibration Test) + flight test subscale + winglet/passive damping design. Tilted spar caps + balance mass.","2","4","8","Y3-Y4 (Phase B 6B)","medium-high","2026-05-17","Output FEA aeroelastico subscale + risultati GVT + base rate Helios/PHASA flutter events","Se subscale flight test M+18-24 mostra divergence o flutter sotto envelope, ridisegno radicale ala richiesto - costo +1-2M EUR + delay 6-12 mesi","Y"
"RSK-TEC-015","Tecnico","Riduzione TRL gap M+24 - integrato HALE subsystem critici < TRL 5","Gate G5 review M+24 mostra TRL integrato propulsione/avionica/payload < 5","3","5","15","RED","Open-Critical","systems-engineer + propulsion-energy-engineer","Mitigate","Roadmap TRL puntuale per sottosistema + milestone trimestrali + partnership prime per acceleration TRL (DR-013 finding)","3","4","12","Y3 (gate G5)","medium","2026-05-17","TRL milestone tracker + subsystem demo report + partnership signed","Se TRL gap > 2 a M+24, Phase C-D non finanziabile; ridimensionamento seasonal-only + R&D-only mode","N"
"RSK-FIN-005","Finanziario","Slittamento grant FESR/PNRR - tempi PA italiani median 18-30 mesi","Grant FESR Liguria comunicato slittato > 12 mesi vs piano","4","3","12","YELLOW","Open-High","financial-cfo + snai-funding","Mitigate","Bridge financing (banca + founder); pipeline grant multiple parallele; flessibilita timeline progetto","3","2","6","Y1-Y3","high","2026-05-17","Grant decisional timeline tracking + Regione comunicazioni","","N"
"RSK-FIN-006","Finanziario","WACC effettivo > 18% se grant mix < 30% - NPV diventa negativo (sensitivity Cap.8)","Grant mix committed < 30% al M+12","3","4","12","YELLOW","Open-High","financial-cfo","Mitigate","Pricing premium servizi + cost optimization OpEx; renegotiate equity terms; cost-shared infrastructure con cooperative","2","3","6","Y1-Y3","medium-high","2026-05-17","Grant commitment % monthly + NPV sensitivity update","","N"
"RSK-FIN-008","Finanziario","Cash flow gap Y2-Y3 - revenue ramp lento vs OpEx fixed","Revenue Y2 < 500k EUR (50% target)","3","4","12","YELLOW","Open-High","financial-cfo + business-model","Mitigate","Bridge financing Series A; cost flex su FTE variable; contratti pluriennali Regione anticipated payment","2","3","6","Y2-Y3","medium","2026-05-17","Revenue actuals monthly + cash burn rate","","N"
"RSK-FIN-009","Finanziario","Series A non chiude (Y2) - valutazione investitori < 8M EUR pre-money","Valutazione Series A < 5M EUR o tempi > 12 mesi","3","4","12","YELLOW","Open-High","financial-cfo + CEO","Mitigate","Investor relations pipeline (CDP Venture, EIC Fund, BPER); milestone-based bridge financing; alternative grant heavy mix","2","3","6","Y2","medium","2026-05-17","Investor meetings pipeline + comparable Series A aerospace IT","","N"
"RSK-GEO-001","Geopolitico","[RESERVED — vedi riferimenti/RESERVED-rischi-geopolitici.md §2] Frizione con USA / posizione narrativa stratosferica","[RESERVED — accesso ristretto]","3","4","12","YELLOW","Open-High","sovereign-strategist + CEO","Mitigate","[RESERVED] Linguaggio 'complementare IRIS2'; diversification supply; dialogo Atlantico NATO DIANA; avoid US dependency core","2","3","6","Y4+","medium","2026-05-17","[RESERVED — Early Warning Indicators trimestrale]","","N"
"RSK-GEO-003","Geopolitico","[RESERVED] Dipendenza supply chain non-EU - escalation geopolitica blocca componenti","[RESERVED]","3","4","12","YELLOW","Open-High","sovereign-strategist + supply-chain","Mitigate","[RESERVED] Supply chain mapping; EU sovereign suppliers roadmap; stock buffer; EU CRMA Strategic Project","2","3","6","Y2+","medium","2026-05-17","[RESERVED]","","N"
"RSK-GEO-004","Geopolitico","[RESERVED] Misalignment con programmi sovrani EU multi-orbita","[RESERVED]","3","4","12","YELLOW","Open-High","sovereign-strategist + CEO","Mitigate","[RESERVED] Position paper complementarita; engagement DG CNECT + DG DEFIS; joint workshop","2","3","6","Y2-Y4","medium","2026-05-17","[RESERVED]","","N"
"RSK-GEO-005","Geopolitico","[RESERVED] Acquisizione difensiva da incumbent IT settore aerospace","[RESERVED]","3","4","12","YELLOW","Open-High","CEO + Board","Mitigate","[RESERVED] Capital structure resistente; anchor investors non-ostili; speed to value; pluralismo cooperative","2","3","6","Y3-Y4","medium","2026-05-17","[RESERVED]","","N"
"RSK-HR-001","Risorse Umane","Difficolta reclutamento pilota UAS specialist BVLOS","Tempo hire pilota > 6 mesi","4","3","12","YELLOW","Open-High","HR + business-model","Mitigate","Training in-house pilota junior; partnership scuole UAS; contratti competitivi + benefits cooperative","3","2","6","Y1","medium-high","2026-05-17","Job market UAS pilots IT + LinkedIn data + scuole UAS","","N"
"RSK-MKT-001","Mercato","Adozione lenta PA - cicli appalti pubblici 12-24 mesi vs piano 6-9 mesi","Contratti pluriennali Regione Liguria non firmati entro M+12","4","3","12","YELLOW","Open-High","snai-funding + business-model","Mitigate","Anchor customer Regione + LoI pre-formale; contratti pluriennali quadro; partnership cooperative come veicolo di servizi","3","3","9","Y1-Y2","high","2026-05-17","Bandi Regione publication + LoI tracking","","Y"
"RSK-MKT-002","Mercato","Competitor Tier 1 AALTO-Leonardo JV - cattura 2-3 Regioni SNAI con pricing aggressivo","AALTO-Leonardo annuncia JV o pilota multi-regionale entro Y2","3","4","12","YELLOW","Open-High","competitive-intelligence + business-model","Mitigate","Differenziazione cooperativa + sovranita IT; speed to market 6A; partnership CIRA/POLITO; lock-in cooperative Legacoop","3","3","9","Y2-Y3","medium","2026-05-17","AALTO press releases + Leonardo strategy update","","Y"
"RSK-MKT-004","Mercato","Pricing pressure - PA italiana clienti price-sensitive vs servizi premium","Tender Regione cost ceiling < 50k EUR/anno per servizio EO/SAR","4","3","12","YELLOW","Open-High","business-model + financial-cfo","Mitigate","Bundle servizi multipli (EO+IR+NTN+monitoring) per economia scale; cost-shared infrastruttura cooperative; modello canone vs ore-volo","3","3","9","Y1-Y3","medium-high","2026-05-17","Tender history pricing + benchmark drone services market IT","","N"
"RSK-MKT-005","Mercato","Single-customer concentration Liguria - alternanza politica regionale evapora anchor","Elezioni Regione Liguria 2025+ portano cambio amministrazione + scope revision","3","4","12","YELLOW","Open-High","business-model + sovereign-strategist","Mitigate","Espansione 2-3 regioni SNAI Y3 (Piemonte, Marche, Calabria, Basilicata); LoI pre-formalizzata multi-region; contratti pluriennali con clausole continuita amministrative","2","4","8","Y2-Y3","medium","2026-05-17","Elezioni regionali calendar + cambio assessori Liguria","","Y"
"RSK-OPS-003","Operativo","Reclutamento pilota UAS specialist BVLOS - mercato compresso in Italia","Tempo hire pilota BVLOS > 6 mesi","4","3","12","YELLOW","Open-High","HR + business-model","Mitigate","Training in-house pilota junior; partnership con scuole UAS (es. Volandia, scuole Aero IT); contratti competitivi","3","2","6","Y1","medium-high","2026-05-17","Job market UAS pilots IT + scuole UAS graduates","","N"
"RSK-REG-015","Regolatorio","Cross-border BVLOS - assenza EU regulation harmonizzata per cross-border ops HAPS","Operazioni cross-border (Liguria-Francia, Liguria-Svizzera) bloccate da MS divergenti","4","3","12","YELLOW","Monitor","aviation-regulatory + sovereign-strategist","Accept+Mitigate","Focus Y1-Y3 su operazioni domestiche IT; engagement EASA cross-border WG Y3+","3","2","6","Y3+","medium","2026-05-17","EASA cross-border framework calendar","","N"
"RSK-REG-016","Regolatorio","AI Act (Reg.UE 2024/1689) - payload IR + biometric classification high-risk Annex III","Garante o AgID classifica sistemi IR onboard come 'alto rischio AI Act'","3","4","12","YELLOW","Open-High","data-privacy-counsel + DPO","Mitigate","Privacy by design hardware (blur on-board obbligatorio); esclusione esplicita riconoscimento biometrico; engagement Garante + AgID pre-clearance; conformity assessment Notified Body se richiesto","2","3","6","Y1+","medium","2026-05-17","Garante delibere AI Act + AgID circolari + EU AI Office guidance","","N"
"RSK-REG-026","Regolatorio","Insurance BVLOS - mancata copertura broker aviation o premio > 100k EUR/anno","Tender broker non riceve quotation accettabile per BVLOS Pentema","4","3","12","YELLOW","Open-High","financial-cfo + ops","Transfer+Mitigate","Tender con broker specializzati aviation (Marsh, Aon, Willis Italia); copertura RC+casco+cyber+privacy; piano captive insurance Y3+","3","2","6","Y0+","medium","2026-05-17","Market hardening aviation insurance + quotation timing","","N"
"RSK-REP-005","Reputazionale","Geopolitical narrative misalignment - linguaggio 'alternativa Starlink' attiva RSK-GEO-001","Comunicazione interna o esterna usa framing competitive vs Starlink","3","4","12","YELLOW","Open-High","CEO + comms + sovereign-strategist","Mitigate","Communication guidelines: 'complementare a IRIS2' SEMPRE; mai 'vs Starlink'; press training; review pre-publication","2","3","6","Y1+","high","2026-05-17","Communications audit monthly + media coverage analysis","","N"
"RSK-SUP-002","Supply Chain","Single source celle solari multi-junction GaAs - concentrazione Spectrolab (US)","Spectrolab export restriction o capacity allocation military priority","3","4","12","YELLOW","Open-High","propulsion-energy-engineer + supply-chain","Mitigate","Azur Space (DE) qualification path; engagement Enel 3SUN (IT); EU CRMA Strategic Project status","2","3","6","Y3+","medium","2026-05-17","Spectrolab capacity announcements + Azur Space EU production","","N"
"RSK-TEC-012","Tecnico","FCS DAL-C HALE custom - mancanza track record civile + costo qualification ~2-5M EUR","Vendor FCS DAL-C EU rifiuta development partnership o costo > budget","3","4","12","YELLOW","Open-High","avionics-gnc-engineer","Mitigate","Engagement early vendor EU (UAVOS, MicroPilot, Honeywell EU); partnership con CIRA su FCS Italian sovereign; budget riservato 2-3M EUR R&D","2","4","8","Y3-Y4","medium","2026-05-17","Quotation vendor FCS + RMT EASA on autonomy","","N"
"RSK-TEC-018","Tecnico","Calibrazione IR sensor persa - false positive antincendio o missed hotspot","Validation post-deploy mostra false alarm rate > 5% o missed detection > 2%","3","4","12","YELLOW","Open-High","earth-observation-expert","Mitigate","NUC (Non-Uniformity Correction) frequente + cross-check RGB + validation periodica vs ground truth (VVF, satellite)","2","3","6","Y1+","medium-high","2026-05-17","FAR/MDR weekly metrics + IR cal report mensile","","N"
"RSK-MKT-008","Mercato","Window IRIS2 chiude - posizionamento 'complementare' falsificato (vedi §5.16bis)","Y3 Commissione UE/SpaceRISE escludono layer stratosferici da architettura sovrana","2","5","10","YELLOW","Open-High","sovereign-strategist + CEO","Mitigate","Position paper 'Italian Stratospheric Sovereignty' Y1-Y2; engagement DG CNECT + DG DEFIS + SpaceRISE; alternative narrative 'EU sovereign multi-layer'","2","4","8","Y2-Y3","medium","2026-05-17","IRIS2 architecture publications + SpaceRISE workplan + UE press releases","","N"
"RSK-OPS-002","Operativo","Incidente UAS BVLOS sul territorio - danno a persone/cose/aviazione manned","Near-miss vs aviazione manned o danno a terzi","2","5","10","YELLOW","Open-Critical","aviation-regulatory + ops + safety","Mitigate+Transfer","SORA M2 mitigation (parachute, flight termination); GRC mitigation (geofence, Lost-Link); assicurazione adeguata; SOPs rigorosi; training continuo","1","4","4","Y1+","high","2026-05-17","Incident reports settore IT/EU + near-miss interno + FAR/MDR drone","Se incidente con vittime, intero modello operativo sospeso + responsabilita penale (RSK-REG-020)","Y"
"RSK-REG-020","Regolatorio","Codice Penale art. 432-bis - responsabilita penale PIC + organizzazione D.Lgs.231","Incidente UAS BVLOS con conseguenze (near-miss vs aviazione manned o danni terzi)","2","5","10","YELLOW","Open-High","aviation-regulatory + ops + legal","Mitigate+Transfer","Assicurazione RC+casco BVLOS adeguata (>=5M EUR); D.Lgs.231 modello organizzativo; SOPs rigorosi; training PIC; safety reporting culture","1","4","4","Y1+","medium","2026-05-17","Incident reports settore UAS BVLOS Italia + near-miss tracking interno","Se incidente con conseguenza penale a Y1-Y2, intero modello operativo a rischio; Garante interviene parallelo","Y"
"RSK-REP-001","Reputazionale","Incidente UAS BVLOS pubblico - copertura mediatica nazionale negativa","Incidente con conseguenze + coverage stampa nazionale","2","5","10","YELLOW","Open-Critical","CEO + comms","Mitigate+Transfer","Crisis communication plan; PR specialist on retainer; safety record positive + trasparenza; assicurazione legal protection + comms","1","4","4","Y1+","medium-high","2026-05-17","Settore drone incidents IT/EU + sentiment monitoring","","Y"
"RSK-TEC-008","Tecnico","Batterie thermal runaway - LiPo 6A o LiS 6B - propagation cell-to-cell","Incidente settore (Boeing 787, Tesla, drone delivery) o test interno cella defect","2","5","10","YELLOW","Open-High","propulsion-energy-engineer + safety","Mitigate+Transfer","Cell-level fuse + intumescent barriers + BMS multi-sensor + hangar dedicato ATEX + assicurazione casco con clausola batteria","1","4","4","Y1+ continuous","high","2026-05-17","Reports thermal events FAA/EASA + cell vendor recall","","Y"
"RSK-FIN-003","Finanziario","Sovracosti CapEx 6A - quotation vendor real-world supera baseline 700k-2M EUR +30-50%","Quotation JOUAV/Tekever + payload + GS supera budget +30%","3","3","9","YELLOW","Open-High","financial-cfo + systems-engineer","Mitigate","Quotation parallel vendor multipli; contingency 20% in budget; scope reduction MVP se necessario","2","3","6","Y1","medium","2026-05-17","Quotation report vendor mensile + market index UAS","","N"
"RSK-MKT-003","Mercato","Sentinel/Copernicus competizione EO - servizi free open data minano pricing premium","Use case Pentema antincendio/SAR realizzabile con Sentinel a costo zero","3","3","9","YELLOW","Open-Medium","earth-observation-expert + business-model","Mitigate","Posizionamento high-resolution + low-latency vs Sentinel weekly + 10m; servizi value-added analytics + report customized","2","3","6","Y1+","high","2026-05-17","Sentinel-2C/3C launch + Copernicus services expansion","","N"
"RSK-MKT-006","Mercato","Adozione cooperative lenta - 10 cooperative pilota non confermano partecipazione","M+6 < 6 cooperative confermano partecipazione formale","3","3","9","YELLOW","Open-Medium","business-model + Legacoop","Mitigate","Workshop cooperative Q+1; valore proposto chiaro + canone accessibile; pilot gratuito M+0-3; community engagement","2","3","6","Y0-Y1","medium-high","2026-05-17","Cooperative engagement metrics + LoI signed","","N"
"RSK-MKT-007","Mercato","Servizi NTN 6B mercato - 5G NTN adozione lenta vs piano IRIS2/Starlink","5G NTN deployment commerciale < 10% device EU entro Y4","3","3","9","YELLOW","Monitor","telecom-ntn-payload-expert + business-model","Mitigate","Servizi NTN target settori dedicated (emergency, IoT rurale) vs mass market; pricing capacity wholesale","3","2","6","Y4+","medium","2026-05-17","5G NTN device shipments + IRIS2/Starlink Direct-to-Device launches","","N"
"RSK-OPS-001","Operativo","Operazioni invernali Appennino Ligure - neve, ghiaccio, basse temp riducono giorni op.","Inverno 2026-27 mostra < 60% giorni operativi vs piano","3","3","9","YELLOW","Open-High","vtol-uas-specialist + ops","Mitigate","Training pilota inverno; finestre operative meteo-dipendenti; de-icing batterie+celle; planning seasonal","2","3","6","Y1+","high","2026-05-17","Meteo Pentema mensile + giorni op. tracking","","Y"
"RSK-OPS-004","Operativo","Disponibilita piattaforma - lead time JOUAV/Tekever 6-12 mesi standard","Order placement > M+6 ritarda first flight oltre M+12","3","3","9","YELLOW","Open-Medium","vtol-uas-specialist + supply-chain","Mitigate","Order placement early M+3; stock spare parts; rental option backup","2","2","4","Y1","medium-high","2026-05-17","Vendor lead time updates + order confirmations","","N"
"RSK-OPS-005","Operativo","Manutenzione UAS - downtime non programmato > 20% target","Downtime cumulativo Y1 > 60 giorni","3","3","9","YELLOW","Open-Medium","ops + maintenance","Mitigate","Piano manutenzione preliminare; spare parts kit on-site; vendor support contract; secondo UAV backup Y2","2","3","6","Y1+","medium-high","2026-05-17","Downtime tracking weekly + MTBF metrics","","N"
"RSK-OPS-006","Operativo","Coordinamento PC Liguria - tempi attivazione emergency > target","Test esercitazione PC mostra tempo attivazione > 4h","3","3","9","YELLOW","Monitor","ops + community-engagement","Mitigate","MoU PC Liguria + procedure attivazione 24/7; training congiunto PC+Firmamento; SLA contrattuale","2","2","4","Y1+","medium","2026-05-17","Esercitazioni PC + tempo attivazione actuals","","N"
"RSK-OPS-009","Operativo","Scalabilita ops Y2-Y3 - team ops sottodimensionato per 2-3 regioni","Y2 espansione 2 regioni richiede team 2x ma hire delay","3","3","9","YELLOW","Monitor","HR + ops","Mitigate","Pianificazione hire Y2 (3-4 FTE ops); training accelerato; tooling automazione operations management","2","2","4","Y2-Y3","medium","2026-05-17","Hire pipeline + tools deployment","","N"
"RSK-PRV-006","Privacy/Legale","AI Act conformity assessment - Notified Body bottleneck (cf RSK-REG-016/009)","Conformity assessment AI Act > 12 mesi ritardo","3","3","9","YELLOW","Monitor","data-privacy + systems-engineer","Mitigate","Engagement early NB; pre-assessment documentazione; design AI Act-compliant fin da concept","2","2","4","Y2-Y3","medium","2026-05-17","NB capacity reports + assessment timelines","","N"
"RSK-REG-002","Regolatorio","SORA SAIL III Pentema BVLOS - richiede percorso Certified Category EASA","ENAC in pre-application valuta SAIL > III per scenario Pentema (popolato + critical)","3","3","9","YELLOW","Open-High","aviation-regulatory","Mitigate","Pre-application meeting ENAC M+3-6 + M1 (operational mitigation) + M2 (technical mitigation, parachute + flight termination)","2","3","6","Y1 (M+3-9)","medium-high","2026-05-17","ENAC pre-app feedback + SAIL determination doc","","Y"
"RSK-REG-003","Regolatorio","AGCOM spettro HAPS Italia - banda S non assegnata per HAPS commercial","AGCOM emette consultazione spettro senza include HAPS service link","3","3","9","YELLOW","Monitor","telecom-ntn-payload-expert + aviation-regulatory","Mitigate","Engagement AGCOM precoce (DR-005); domanda licenza sperimentale L1+L5; partecipazione consultazione ITU-R WP 5C","2","3","6","Y3-Y4","medium","2026-05-17","AGCOM delibera spettro UAS/HAPS + ITU-R WRC outcomes","","N"
"RSK-REG-009","Regolatorio","Notified Body shortage - CE marking AI Act + Direttiva Macchine + radio","Mercato NB satura su AI Act 2026-27; tempo attesa > 12 mesi","3","3","9","YELLOW","Monitor","systems-engineer + data-privacy","Mitigate","Engagement early NB (TUV, IMQ, Bureau Veritas); preparazione pre-assessment documentazione","2","2","4","Y2-Y3","medium","2026-05-17","NB capacity report ACCREDIA + waiting time tracking","","N"
"RSK-REG-013","Regolatorio","Coordinamento ENAV - manca AIP procedure UAS BVLOS Pentema","ENAV non rilascia procedura AIP entro M+9","3","3","9","YELLOW","Open-High","aviation-regulatory + vtol-uas-specialist","Mitigate","Engagement ENAV Genova ACC; NOTAM dedicato per ogni missione; coordinamento con CAA militare Mar Ligure","2","3","6","Y1","medium-high","2026-05-17","ENAV response time + AIP Italy SUP","","N"
"RSK-REG-014","Regolatorio","Garante Privacy - precedenti negativi su EO/UAS in spazi pubblici","Provvedimento Garante simile (es. sorveglianza droni Comuni) rivela limiti","3","3","9","YELLOW","Open-Medium","data-privacy-counsel","Mitigate","Analisi precedenti Garante (DR-006); DPIA conforme; documentazione necessita/proporzionalita","2","2","4","Y1+","medium","2026-05-17","Garante provvedimenti pubblicati + sentenze Cassazione","","N"
"RSK-REG-022","Regolatorio","ATEX (Reg.UE 2014/34) batterie LiS storage - hangar classificato zona 1","ASL/VVF ispezione hangar Pentema classifica zona ATEX senza protezioni adeguate","3","3","9","YELLOW","Open-Medium","propulsion-engineer + safety + ops","Mitigate","Hangar dedicato con ventilazione anti-esplosione (LEL detection + emergency vent); procedure ATEX; formazione operatori; assicurazione adeguata","2","2","4","Y1+","medium","2026-05-17","Ispezioni ASL/VVF programma + thermal events battery settore","","N"
"RSK-REG-029","Regolatorio","Direttiva Macchine Reg.UE 2023/1230 - ground equipment GS+carrelli CE marking obbligatorio","Phase B 6B ground equipment custom non CE-marked","3","3","9","YELLOW","Monitor","systems-engineer","Mitigate","Design CE-compliant fin da concept; collaborazione con ente notificato; risk assessment + DoC","2","2","4","Y3+","medium","2026-05-17","Ground equipment design review + NB engagement","","N"
"RSK-REP-004","Reputazionale","Greenwashing accusation - claim ESG/lino contestato come marketing non sostanziale","Articolo investigativo o NGO accusa greenwashing","3","3","9","YELLOW","Open-Medium","CEO + comms + sustainability","Mitigate","LCA (Life Cycle Assessment) entro M+12; claim ESG verificabili + report sostenibilita; certification (B-Corp aspirazionale)","2","2","4","Y1+","medium","2026-05-17","Media monitoring ESG/sustainability + NGO communications","","N"
"RSK-SEC-004","Cybersecurity","Supply chain attack - componente HW/SW compromesso fornitore","CVE critico componente in BoM o vendor compromise public","3","3","9","YELLOW","Monitor","CISO + supply-chain","Mitigate","SBOM (Software Bill of Materials) maintained; vendor security assessment; firmware signing; CVE monitoring continuous","2","3","6","Y1+","medium","2026-05-17","CVE feeds + vendor advisory notifications","","N"
"RSK-SUP-001","Supply Chain","Lead time JOUAV (vendor CN) - escalation tariffaria USA-CN blocca import","USA/UE pubblicano restrizioni componenti CN aerospace","3","3","9","YELLOW","Open-High","vtol-uas-specialist + supply-chain","Mitigate","Plan B Tekever (PT) pronto entro M+9; stock spare parts 12 mesi; valutazione Quantum (DE) terzo backup","2","3","6","Y1+","high","2026-05-17","USA BIS notices + UE FDI screening + tariffe announcements","Se sanzioni bloccano JOUAV entro M+6, attivazione Plan B Tekever; CapEx 6A +100-200k EUR + delay 3-6 mesi","Y"
"RSK-TEC-004","Tecnico","Integrazione payload modulare 6A - incompatibilita elettrica/SW vs ICD payload bay JOUAV CW-30E","Test bench pre-deploy M+7 rivela mismatch power budget o data bus payload-FCS","3","3","9","YELLOW","Open-High","systems-engineer","Mitigate","ICD rigoroso e validato pre-quotation; test bed integrazione hardware-in-the-loop entro M+6; vendor compatibility matrix","2","3","6","Y1 (M+6 → M+9)","medium","2026-05-17","Esiti test bench HIL trimestrale + vendor response time tickets ICD","","Y"
"RSK-TEC-010","Tecnico","GNSS spoofing/jamming Liguria - prossimita conflict zones Mar Mediterraneo","Incidenti GPS reportati Mar Ligure o esercitazioni NATO area","3","3","9","YELLOW","Open-High","avionics-gnc-engineer","Mitigate","Multi-constellation (GPS+Galileo+GLONASS+BeiDou) + RAIM + IMU dead-reckoning + opzione Galileo PRS Phase B","2","3","6","Y1+","medium","2026-05-17","Report EASA GPS interference + UK CAA bulletin spoofing","","N"
"RSK-TEC-014","Tecnico","Single Event Upset (SEU) avionica stratosferica - aumentato flusso particelle 20 km","FCS reboot rate > 1/100h in flight test stratosferico","3","3","9","YELLOW","Open-Medium","avionics-gnc-engineer","Mitigate","FPGA rad-tolerant (Microchip RTPolarFire o Xilinx Versal AI Edge) + 2oo3 voting + watchdog timer + memory ECC","2","2","4","Y3-Y5","medium","2026-05-17","Flight test stratosferico subscale + heritage SEU dataset Zephyr","","N"
"RSK-FIN-010","Finanziario","ROI insurance premium + safety provision - +50-150k EUR/anno OpEx ricorrente","Premio assicurativo BVLOS + cyber > 100k EUR/anno","4","2","8","YELLOW","Open-High","financial-cfo + risk","Accept+Transfer","Tender broker + adeguamento periodico; captive insurance scenario Y3+","3","2","6","Y1+","high","2026-05-17","Premio quote annuale + claims tracking","","N"
"RSK-GEO-002","Geopolitico","[RESERVED] Classificazione strategica nazionale + obblighi governance","[RESERVED]","2","4","8","YELLOW","Monitor","sovereign-strategist + legal + CEO","Mitigate","[RESERVED] Engagement preventivo istituzioni; ownership stabile IT; notifica preventiva; compliance NIS2","2","3","6","Y3+","medium","2026-05-17","[RESERVED]","","N"
"RSK-HR-003","Risorse Umane","Turnover senior team - exit founder member o key engineer","Member team key fa exit non programmato","2","4","8","YELLOW","Open-High","CEO + HR","Mitigate","Founder agreement con vesting + restrictive covenants; equity incentive plan team; succession planning","1","3","3","Y1+","medium","2026-05-17","Engagement surveys + 1-on-1 reviews + market salary benchmarks","","N"
"RSK-OPS-007","Operativo","Meteo estremo - alluvioni Liguria > 100mm/24h blocca operazioni","Frequenza eventi estremi 2026 > 2 vs media","4","2","8","YELLOW","Open-High","ops + business-model","Accept+Mitigate","Buffer giorni operativi piano; UAV ricovero indoor; servizi differiti accettati cliente PA","3","2","6","Y1+","high","2026-05-17","Meteo storico Liguria + ARPAL allerte","","N"
"RSK-PRV-003","Privacy/Legale","GDPR breach data subject - leak dati EO + biometrici","Cyber incident con esfiltrazione dati sensibili","2","4","8","YELLOW","Open-High","DPO + CISO","Mitigate+Transfer","ISMS Part-IS + ISO 27001; crittografia at-rest + in-transit; incident response plan; assicurazione cyber","1","3","3","Y1+","medium-high","2026-05-17","Security incidents tracking + threat intel feeds","","N"
"RSK-PRV-005","Privacy/Legale","Liability contrattuale PA - SLA non rispettato in emergenza (PC, antincendio)","Servizio non disponibile durante emergenza con conseguenze","2","4","8","YELLOW","Open-High","legal + ops","Mitigate+Transfer","SLA realistici con buffer; assicurazione professional indemnity; ridondanza operativa; clausole force majeure","1","3","3","Y1+","medium","2026-05-17","SLA actuals tracking + dispute history","","N"
"RSK-PRV-007","Privacy/Legale","IP infringement - patent claim su tecnologia HALE solare o NTN","Cease & desist letter da competitor (AALTO, Skydweller)","2","4","8","YELLOW","Monitor","legal + IP counsel","Mitigate","Freedom-to-Operate analysis pre-Phase B; patent portfolio Firmamento; differenziazione design vs competitor","1","3","3","Y3+","medium","2026-05-17","Patent landscape monitoring + competitor IP filings","","N"
"RSK-REG-005","Regolatorio","GDPR enforcement DPIA - DPA ricorre vs operazioni EO sorveglianza territoriale","Garante apre procedimento o richiede stop attivita","2","4","8","YELLOW","Open-High","data-privacy-counsel + DPO","Mitigate","DPIA pubblica + edge anonymization + consultazione preventiva Garante + geofence + retention policy stringente","1","3","3","Y1+","medium-high","2026-05-17","Comunicati Garante + provvedimenti UAS/EO settore","","N"
"RSK-REG-010","Regolatorio","ITAR/EAR US restrictions - componenti US-origin (chip Honeywell/Collins, celle Spectrolab)","US BIS pubblica restrictions su componenti HAPS-related EU","2","4","8","YELLOW","Open-High","supply-chain + sovereign-strategist","Mitigate","Mapping componenti US-origin + EU sovereign alternatives roadmap (Azur Space, ACC, STM) + stock buffer 12 mesi","2","3","6","Y2+","medium","2026-05-17","BIS Entity List update + ITAR notice settore aerospace","","N"
"RSK-SEC-001","Cybersecurity","Cyber attack ground segment - data breach Pentema (NIS2 incident reportable)","Intrusion detected su GS Pentema o cloud Aruba/OVH","2","4","8","YELLOW","Open-High","CISO (new) + IT","Mitigate","Zero-trust architecture; segregazione rete; NIS2 readiness + ISMS Part-IS; SOC managed service; ISO 27001","1","3","3","Y1+","medium-high","2026-05-17","SIEM alerts + ACN threat intel + sector incidents","","Y"
"RSK-SEC-003","Cybersecurity","Ransomware ground segment - servizi PA bloccati + reputazione","Ransomware infection rilevato","2","4","8","YELLOW","Open-High","CISO + IT","Mitigate","Backup offsite 3-2-1; immutable backups; EDR su endpoint; ZTNA su accessi remoti; cyber insurance","1","3","3","Y1+","medium-high","2026-05-17","Ransomware sector trends + EDR alerts","","N"
"RSK-SEC-007","Cybersecurity","Compromissione DOA partner - Phase C dependency su DOA esterna","DOA partner compromised o licenza sospesa","2","4","8","YELLOW","Monitor","CISO + sovereign-strategist","Mitigate","Multi-partner DOA option; due diligence partner cybersecurity; contract clauses continuity","1","3","3","Y5+","medium","2026-05-17","Partner security posture review","","N"
"RSK-SUP-004","Supply Chain","Chip GNC aerospace-grade - Honeywell/Collins concentration + ITAR risk","ITAR application su componenti aerospace-grade per HAPS EU","2","4","8","YELLOW","Open-High","avionics-gnc-engineer + supply-chain","Mitigate","STM (FR-IT) qualification path; engagement Leonardo Elettronica; dual sourcing US+EU","2","3","6","Y3+","medium","2026-05-17","BIS Entity List update + STM/Leonardo capacity","","N"
"RSK-TEC-005","Tecnico","Cybersecurity link C2 - jamming, spoofing GNSS, command injection","Eventi jamming GNSS regione (Mar Ligure ports) o report incidenti UAS via","2","4","8","YELLOW","Open-High","avionics-gnc-engineer + CISO (new)","Mitigate","Frequency hopping (FHSS) + crypto authentication AES-256 + multi-GNSS L1/L5 + dead-reckoning IMU fallback + Lost-Link procedure DAL-C","1","4","4","Y1+ continuous","medium-high","2026-05-17","Report GPS interference EASA bulletin + NOTAM jamming Mediterraneo","","Y"
"RSK-TEC-006","Tecnico/Privacy","Privacy by design fail (DPIA bocciata Garante per sorveglianza territoriale)","Garante Privacy emette provvedimento negativo o richiesta integrazione DPIA","2","4","8","YELLOW","Open-High","data-privacy-counsel + DPO (new)","Mitigate","Edge anonymization (blur on-board obbligatorio); geofence aree residenziali; DPIA preliminare entro M+6; consultazione preventiva Garante","1","3","3","Y1 (M+0 → M+9)","medium-high","2026-05-17","Comunicati Garante AI Act/UAS + precedenti DPIA aerei","","N"
"RSK-TEC-007","Tecnico/Regolatorio","Lost-Link behaviour mismatch SORA OSO #9 - mancata RtB automatica","ENAC in pre-application richiede dimostrazione Lost-Link Profile + RtB testato","2","4","8","YELLOW","Open-High","avionics-gnc-engineer","Mitigate","Lost-Link Profile documentato + Return-to-Base testato in flight test pre-deploy + procedura GS notifica + safety case ARP4761","1","3","3","Y1 (M+6)","medium-high","2026-05-17","Test report RtB + ENAC pre-app feedback","","N"
"RSK-TEC-017","Tecnico","Ground Station single point of failure - GS fissa Pentema unica fonte C2","Power outage o danno infrastruttura GS Pentema durante volo BVLOS","2","4","8","YELLOW","Open-High","vtol-uas-specialist + ops","Mitigate","GS mobile ridondante + UPS GS fissa + SATCOM fallback + procedura RtB Lost-Link","1","3","3","Y1+","high","2026-05-17","Live GS uptime + UPS test mensile","","N"
"RSK-FIN-007","Finanziario","Currency risk - JOUAV CN forniture USD-denominated + EUR weakness","EUR/USD < 0.95 sustained o tariffe import +10%","3","2","6","GREEN","Monitor","financial-cfo + supply-chain","Transfer","Hedging EUR/USD forward per acquisti CapEx; quotation EUR-denominated vendor EU (Tekever, Quantum) come benchmark","2","2","4","Y1","medium","2026-05-17","EUR/USD daily + tariffe USA-CN update","","N"
"RSK-HR-004","Risorse Umane","Formazione team Part-IS ISMS NIS2 - mancanza certificazioni interne","Audit Part-IS rivela formazione team carente","3","2","6","GREEN","Open-Medium","HR + CISO","Mitigate","Training plan certificazioni (ISO 27001 LA, CISM, CISSP); budget formazione 10k EUR/FTE/anno; e-learning piattaforma","2","2","4","Y1+","medium-high","2026-05-17","Training completion rates + certifications obtained","","N"
"RSK-HR-005","Risorse Umane","Diversita team - female engineering ratio < 20% riduce eligibility bandi EU","Bandi EU Gender Equality Plan richiesto e Firmamento non compliant","3","2","6","GREEN","Monitor","HR + CEO","Mitigate","GEP formalizzato; hire diversificato; partnership universita STEM women; mentoring programma","2","2","4","Y1+","medium","2026-05-17","Team composition tracking + GEP compliance","","N"
"RSK-MKT-009","Mercato","Mercato VTOL UAS satura - 50+ vendor commerciali, commoditization pricing","Prezzo medio servizio EO con drone < 5 EUR/ha entro Y3","3","2","6","GREEN","Monitor","business-model","Mitigate","Differenziazione service-only + cooperative + sovranita; bundling value-added analytics; vertical integration use cases SNAI","2","2","4","Y2+","medium-high","2026-05-17","Mercato benchmark drone services IT/EU pricing","","N"
"RSK-MKT-010","Mercato","Cambiamento normativa SNAI - riduzione fondi Aree Interne 2027+","PSNAI 2027+ riduce dotazione fondi aree interne","2","3","6","GREEN","Monitor","snai-funding","Mitigate","Diversificazione cliente PA (PC, Difesa civile, agricoltura); fondi Horizon + INTERREG","2","2","4","Y3+","medium","2026-05-17","DPCM PSNAI publications + budget aree interne","","N"
"RSK-OPS-008","Operativo","Comunita Pentema - contestazioni rumore/privacy/sicurezza limitano accettazione","Reclami formali residenti > 5/anno o petizione","2","3","6","GREEN","Open-Medium","community-engagement + ops","Mitigate","Workshop comunita pre-deploy M+6; canone partecipazione + benefit locali; trasparenza operazioni; finestre orarie","1","2","2","Y1+","medium-high","2026-05-17","Community feedback monitoring + reclami tracking","","N"
"RSK-OPS-010","Operativo","Data pipeline processing latency - target near-real-time vs realta batch","Test pipeline EO data delivery > 1h vs target 15 min","3","2","6","GREEN","Monitor","earth-observation-expert + IT","Mitigate","Edge processing UAV + cloud parallel; ottimizzazione pipeline; SLA realistico con cliente","2","2","4","Y1+","medium-high","2026-05-17","Pipeline latency monitoring + SLA compliance","","N"
"RSK-OPS-011","Operativo","Sicurezza personale - DUVRI ops montane + formazione D.Lgs.81/2008","Audit ASL rivela DUVRI/formazione carente","2","3","6","GREEN","Open-Medium","safety + HR","Mitigate","DUVRI formalizzato M+3; formazione D.Lgs.81 obbligatoria; PPE adeguati; medical surveillance","1","2","2","Y1+","high","2026-05-17","Audit ASL programma + formazione completion","","N"
"RSK-OPS-012","Operativo","Hangar Pentema disponibilita - struttura fisica adeguata non disponibile in loco","Survey M+3 non trova hangar suitable Pentema","2","3","6","GREEN","Open-Medium","ops + community","Mitigate","Survey siti alternativi Torriglia/Casella; container temporaneo; partnership cooperative locali per spazi","1","2","2","Y1","medium-high","2026-05-17","Site survey results + lease negotiations","","N"
"RSK-PRV-001","Privacy/Legale","DPIA blocca casi d'uso sorveglianza territoriale - Garante richiede riduzione scope","DPIA review M+6 da Garante richiede scope reduction","2","3","6","GREEN","Open-Medium","data-privacy-counsel + DPO","Mitigate","Privacy by design fin da concept; edge anonymization; geofence aree residenziali; DPIA consultazione preventiva Garante","1","2","2","Y1","medium-high","2026-05-17","Garante DPIA feedback + provvedimenti settore","","N"
"RSK-PRV-002","Privacy/Legale","Contenzioso privacy individuale - cittadino ricorre vs sorvolo proprieta privata","Ricorso TAR/Garante da cittadino Pentema","2","3","6","GREEN","Open-Medium","data-privacy-counsel + legal","Mitigate+Transfer","Trasparenza operazioni; consenso preventivo proprietari grandi appezzamenti; assicurazione legal protection; mediation community","1","2","2","Y1+","medium","2026-05-17","Reclami tracking + comunicazioni TAR","","N"
"RSK-PRV-004","Privacy/Legale","Contenzioso cooperative - dispute interno governance/revenue sharing","Cooperative member ricorre vs Firmamento o tra loro","2","3","6","GREEN","Monitor","legal + business-model","Mitigate","Accordo cooperativa formalizzato + statuto chiaro; arbitrato Legacoop; comunicazione trasparente","1","2","2","Y1+","medium-high","2026-05-17","Member feedback + assemblea decisions","","N"
"RSK-REG-004","Regolatorio","U-Space transizione 2027 - ENAC procedura USSP italiana non definita","ENAC delay implementazione Reg.UE 2021/664 oltre 2027","3","2","6","GREEN","Monitor","aviation-regulatory","Mitigate","Engagement ENAC U-Space tavolo nazionale; partecipazione D-Flight pilot Pentema; SORA fallback continua","2","2","4","Y2-Y3","medium","2026-05-17","ENAC U-Space roadmap pubblicato + D-Flight expansion","","N"
"RSK-REG-006","Regolatorio","Geographical zones ENAC - Pentema in zona vincolata (parco Antola, ZSC)","Mappa D-Flight aggiornata classifica area Pentema come restricted","2","3","6","GREEN","Monitor","aviation-regulatory","Mitigate","Verifica D-Flight pre-mission; coordinamento Ente Parco Antola; NOTAM dedicato; finestre temporali","1","3","3","Y1+","high","2026-05-17","D-Flight zone update + Ente Parco notice","","N"
"RSK-REG-007","Regolatorio","EASA SORA 2.5 transizione - documentazione SORA pre-existente da aggiornare","ENAC richiede re-submission SORA secondo ED Decision 2025/018/R post Sep 2025","3","2","6","GREEN","Open-Medium","aviation-regulatory","Mitigate","SORA documentation SORA 2.5 compliant fin da prima applicazione; consulenza ENAC pre-app","2","2","4","Y1","medium-high","2026-05-17","EASA AMC update + ENAC circolari implementative","","N"
"RSK-REG-012","Regolatorio","Reg.UE 2019/947 evoluzione - revisione 2027 puo cambiare classificazione SORA","EASA NPA pubblicata con revisione SORA framework","3","2","6","GREEN","Monitor","aviation-regulatory","Mitigate","Monitoring NPA EASA; partecipazione consultation; flessibilita design","2","2","4","Y2-Y3","medium","2026-05-17","EASA NPA calendar + ED Decision pubblicazioni","","N"
"RSK-REG-017","Regolatorio","EUSPA accreditation downstream services - mancato accesso fondi/GOVSATCOM","EUSPA emette guideline che escludono HAPS dai servizi spaziali downstream","2","3","6","GREEN","Monitor","sovereign-strategist","Mitigate","Engagement EUSPA via CASSINI accelerator; workshop downstream services HAPS; mapping intersezione GOVSATCOM","2","2","4","Y3+","medium","2026-05-17","EUSPA workplan pubblicato + CASSINI HAPS call","","N"
"RSK-REG-023","Regolatorio","RoHS (Dir.2011/65/UE) - componenti elettronici cinesi JOUAV potenzialmente non compliant","Audit RoHS BOM rivela componente critico non-RoHS","3","2","6","GREEN","Monitor","systems-engineer + supply-chain","Mitigate","Verifica DoC ogni componente BoM; audit RoHS pre-deployment; sostituzione componenti non-compliant","2","2","4","Y1","medium-high","2026-05-17","BOM audit RoHS quarterly + vendor DoC update","","N"
"RSK-REG-024","Regolatorio","Codice Navigazione R.D. 327/1942 - diritti sorvolo proprieta private + aree militari","Contestazione legale da proprietari o sorvolo area militare non mappata","2","3","6","GREEN","Monitor","regulatory + community + ops","Mitigate","Mappa aree militari/sensibili Liguria; consenso proprietari grandi appezzamenti; NOTAM coordinato; engagement comunita Pentema","1","2","2","Y1+","medium","2026-05-17","Mappa NOTAM/restricted aggiornata + community feedback","","N"
"RSK-REG-028","Regolatorio","Galileo PRS - dual-use civile-difesa Phase B richiede CASD/Difesa authorization","Phase B 6B dichiara dual-use; CASD richiede clearance personale + tecnologia","2","3","6","GREEN","Monitor","sovereign-strategist + CASD","Mitigate","Y1 usare GNSS standard L1/L5 + Galileo open service + anti-spoofing software-based; engagement CASD solo se dual-use Fase 3+","1","2","2","Y3+","medium","2026-05-17","Phase B scope clearance + CASD engagement plan","","N"
"RSK-REP-002","Reputazionale","Contestazioni comunita Pentema - copertura locale negativa + petizione","Petizione comunita formalmente presentata o coverage giornalismo locale negativo","2","3","6","GREEN","Open-Medium","community-engagement + CEO","Mitigate","Engagement comunita continuo + benefit locali; mediazione Comune Torriglia + ENTE Parco; community advisory board","1","2","2","Y1+","medium-high","2026-05-17","Community sentiment tracking + media monitoring locale","","N"
"RSK-REP-003","Reputazionale","Controversie cooperative - conflitto interno reputation rete Legacoop","Cooperative member exit pubblico con motivazioni negative","2","3","6","GREEN","Monitor","business-model + Legacoop","Mitigate","Trasparenza governance; mediazione Legacoop; comunicazione one-voice","1","2","2","Y1+","medium","2026-05-17","Member feedback + Legacoop communications","","N"
"RSK-SEC-005","Cybersecurity","Insider threat - dipendente o cooperative member compromette dati o operations","Anomaly access pattern o data exfiltration interno","2","3","6","GREEN","Monitor","CISO + HR","Mitigate","RBAC + least privilege; DLP solution; background check personale critico; offboarding procedure","1","2","2","Y1+","medium","2026-05-17","User behavior analytics + access pattern monitoring","","N"
"RSK-SEC-006","Cybersecurity","DDoS service link HAPS - degradazione servizi NTN/EO downlink","DDoS pattern detected su gateway Ka-band o cloud endpoint","2","3","6","GREEN","Monitor","CISO + telecom-ntn","Mitigate","DDoS protection upstream provider (Cloudflare, Akamai); rate limiting; geo-blocking","1","2","2","Y3+","medium-high","2026-05-17","Traffic anomaly detection","","N"
"RSK-SUP-005","Supply Chain","FPGA radhard DAL-B - Microchip RTPolarFire single source EU acquisable","Microchip allocation military priority o delay > 12 mesi","2","3","6","GREEN","Monitor","avionics-gnc-engineer + supply-chain","Mitigate","Xilinx Versal AI Edge alternative; stock buffer 24 mesi; design flessibile FPGA-vendor agnostic","2","2","4","Y3+","medium","2026-05-17","Microchip lead times + Xilinx alternative qualification","","N"
"RSK-SUP-006","Supply Chain","Materiali compositi CFRP - Toray (JP) + Hexcel (FR-US) supplier concentration","Disruption shipping Asia-EU o ITAR Hexcel US-derived","2","3","6","GREEN","Monitor","aero-structures-engineer + supply-chain","Mitigate","Solvay (BE) qualification + Italian carbon producers (Mapei, Saati) + stock 12 mesi","2","2","4","Y3+","medium","2026-05-17","Shipping rates + Solvay/Mapei capacity","","N"
"RSK-SUP-007","Supply Chain","Lino fibra Italia - capacita produzione artigianale, lead time variabile","Produttore lino IT incapace fornire qualita aeronautica certificata","3","2","6","GREEN","Monitor","aero-structures-engineer + supply-chain","Mitigate","Multi-vendor lino IT (Linificio Canapificio Nazionale, Biogear partner); test qualifica panel; backup vendor BE/NL","2","2","4","Y3+","medium","2026-05-17","Lino vendor capacity + qualifica test results","","N"
"RSK-TEC-009","Tecnico","Materiali compositi - delaminazione/fatica lino in strutture secondarie (cicli umidita)","Test panel POLIMI/POLITO mostra degradazione > soglia dopo 1000h ciclica umido","3","2","6","GREEN","Open-Medium","aero-structures-engineer","Mitigate","Lino solo in strutture secondarie con coating idrorepellente; longherone primario CFRP; LCA + qualification path posticipato","2","2","4","Y3-Y4","medium","2026-05-17","Pubblicazioni Pinato/Biogear test cicli umidi + qualification panel internal","","N"
"RSK-TEC-011","Tecnico","Solar cell degradation in stratosfera - UV + thermal cycling ridotta efficienza GaAs","Test cell exposure stratosferico (Sahara HALE program) mostra > 5%/year degradation","2","3","6","GREEN","Monitor","propulsion-energy-engineer","Mitigate","Margine design 30% su energy budget; cell qualification per ambiente stratosferico; vendor Spectrolab/Azur Space datasheet flight heritage","2","2","4","Y4+","medium","2026-05-17","Vendor flight heritage data + EuroHAPS testbed reports","","N"
"RSK-TEC-013","Tecnico","Link budget HAPS service link rain fade - storm scenario 1% time supera margin","Simulazione ITU-R P.618-14 stormy day worst-case mostra margin < 6 dB","2","3","6","GREEN","Monitor","telecom-ntn-payload-expert","Mitigate","Adaptive coding modulation (ACM) + site diversity gateway Ka-band + buffer queue + scheduled re-transmission","1","2","2","Y4+","high","2026-05-17","Live link metrics post test integrato","","N"
"RSK-SEC-002","Cybersecurity","Hijacking C2 link UAV BVLOS - takeover malicious operator","Anomalia command pattern detected su FCS","1","5","5","GREEN","Open-High","CISO + avionics-gnc-engineer","Mitigate","Crypto authentication AES-256 + mutual TLS; rolling keys; flight termination automatica su anomaly; air-gap FCS critical","1","4","4","Y1+","medium-high","2026-05-17","FCS anomaly detection + sector threat reports","","N"
"RSK-FIN-002","Finanziario","Mancato grant Coopfond Cooding (50k EUR seed)","Coopfond non finanzia Firmamento entro M+6","2","2","4","GREEN","Open-Medium","financial-cfo + snai-funding","Accept","Alternative funding (FESR Liguria, bandi tematici Horizon, equity seed); bridge financing founder","2","2","4","Y0","medium-high","2026-05-17","Coopfond decisione + alternative grant calendar","","N"
"RSK-REG-011","Regolatorio","VIA (Valutazione Impatto Ambientale) Pentema - hangar + GS in area protetta","ARPA Liguria richiede VIA per infrastruttura ground HALE","2","2","4","GREEN","Monitor","environmental + ops","Mitigate","VIA preliminare M+6; coordinamento con Ente Parco Antola; design infrastruttura minimale + reversibile","1","2","2","Y1","medium-high","2026-05-17","ARPA notice + Ente Parco feedback","","N"
