day,declination_deg,max_elevation_deg,photoperiod_h,solar_density_kWh_m2,panel_eff_used,E_solar_day_kWh,P_total_W,E_consumption_24h_kWh,E_night_kWh,E_charge_needed_kWh,E_surplus_after_charge_kWh,E_storage_loss_kWh,margin_pct,verdict
1,-23.01,22.99,8.771,2.991,0.291,21.758,1592.0,38.207,24.243,26.351,-18.557,2.108,-48.57,DEFICIT
2,-22.93,23.07,8.785,3.005,0.291,21.862,1592.0,38.207,24.222,26.328,-18.451,2.106,-48.29,DEFICIT
3,-22.84,23.16,8.8,3.021,0.291,21.975,1592.0,38.207,24.198,26.303,-18.336,2.104,-47.99,DEFICIT
4,-22.75,23.25,8.815,3.037,0.291,22.097,1592.0,38.207,24.173,26.275,-18.212,2.102,-47.67,DEFICIT
5,-22.65,23.35,8.832,3.055,0.291,22.227,1592.0,38.207,24.147,26.246,-18.08,2.1,-47.32,DEFICIT
6,-22.54,23.46,8.85,3.074,0.291,22.365,1592.0,38.207,24.118,26.215,-17.939,2.097,-46.95,DEFICIT
7,-22.42,23.58,8.869,3.095,0.291,22.513,1592.0,38.207,24.088,26.183,-17.789,2.095,-46.56,DEFICIT
8,-22.3,23.7,8.889,3.116,0.291,22.669,1592.0,38.207,24.056,26.148,-17.63,2.092,-46.14,DEFICIT
9,-22.17,23.83,8.91,3.139,0.291,22.833,1592.0,38.207,24.023,26.112,-17.463,2.089,-45.71,DEFICIT
10,-22.04,23.96,8.932,3.162,0.291,23.006,1592.0,38.207,23.988,26.074,-17.287,2.086,-45.25,DEFICIT
11,-21.9,24.1,8.955,3.187,0.291,23.188,1592.0,38.207,23.952,26.034,-17.102,2.083,-44.76,DEFICIT
12,-21.75,24.25,8.978,3.213,0.291,23.378,1592.0,38.207,23.914,25.993,-16.909,2.079,-44.26,DEFICIT
13,-21.6,24.4,9.003,3.241,0.291,23.576,1592.0,38.207,23.874,25.95,-16.707,2.076,-43.73,DEFICIT
14,-21.44,24.56,9.029,3.269,0.291,23.783,1592.0,38.207,23.833,25.905,-16.496,2.072,-43.18,DEFICIT
15,-21.27,24.73,9.056,3.299,0.291,23.998,1592.0,38.207,23.79,25.859,-16.277,2.069,-42.6,DEFICIT
16,-21.1,24.9,9.084,3.329,0.291,24.222,1592.0,38.207,23.746,25.811,-16.05,2.065,-42.01,DEFICIT
17,-20.92,25.08,9.112,3.361,0.291,24.454,1592.0,38.207,23.701,25.762,-15.814,2.061,-41.39,DEFICIT
18,-20.73,25.27,9.141,3.394,0.291,24.694,1592.0,38.207,23.654,25.711,-15.57,2.057,-40.75,DEFICIT
19,-20.54,25.46,9.172,3.428,0.291,24.942,1592.0,38.207,23.606,25.659,-15.317,2.053,-40.09,DEFICIT
20,-20.34,25.66,9.203,3.464,0.291,25.199,1592.0,38.207,23.556,25.605,-15.056,2.048,-39.41,DEFICIT
21,-20.14,25.86,9.235,3.5,0.291,25.464,1592.0,38.207,23.506,25.55,-14.787,2.044,-38.7,DEFICIT
22,-19.93,26.07,9.267,3.538,0.291,25.736,1592.0,38.207,23.454,25.493,-14.51,2.039,-37.98,DEFICIT
23,-19.71,26.29,9.301,3.576,0.291,26.017,1592.0,38.207,23.4,25.435,-14.224,2.035,-37.23,DEFICIT
24,-19.49,26.51,9.335,3.616,0.291,26.306,1592.0,38.207,23.346,25.376,-13.931,2.03,-36.46,DEFICIT
25,-19.26,26.74,9.37,3.657,0.291,26.603,1592.0,38.207,23.29,25.315,-13.629,2.025,-35.67,DEFICIT
26,-19.03,26.97,9.406,3.699,0.291,26.907,1592.0,38.207,23.233,25.254,-13.32,2.02,-34.86,DEFICIT
27,-18.79,27.21,9.442,3.742,0.291,27.22,1592.0,38.207,23.175,25.191,-13.003,2.015,-34.03,DEFICIT
28,-18.55,27.45,9.479,3.785,0.291,27.539,1592.0,38.207,23.116,25.126,-12.678,2.01,-33.18,DEFICIT
29,-18.3,27.7,9.517,3.831,0.291,27.867,1592.0,38.207,23.056,25.061,-12.345,2.005,-32.31,DEFICIT
30,-18.04,27.96,9.555,3.877,0.291,28.202,1592.0,38.207,22.995,24.995,-12.004,2.0,-31.42,DEFICIT
31,-17.78,28.22,9.594,3.924,0.291,28.544,1592.0,38.207,22.933,24.927,-11.657,1.994,-30.51,DEFICIT
32,-17.52,28.48,9.634,3.972,0.291,28.894,1592.0,38.207,22.87,24.859,-11.301,1.989,-29.58,DEFICIT
33,-17.25,28.75,9.674,4.021,0.291,29.251,1592.0,38.207,22.806,24.789,-10.939,1.983,-28.63,DEFICIT
34,-16.97,29.03,9.715,4.071,0.291,29.615,1592.0,38.207,22.741,24.719,-10.569,1.977,-27.66,DEFICIT
35,-16.69,29.31,9.756,4.122,0.291,29.987,1592.0,38.207,22.675,24.647,-10.192,1.972,-26.68,DEFICIT
36,-16.4,29.6,9.798,4.174,0.291,30.365,1592.0,38.207,22.609,24.575,-9.808,1.966,-25.67,DEFICIT
37,-16.11,29.89,9.84,4.227,0.291,30.75,1592.0,38.207,22.541,24.502,-9.417,1.96,-24.65,DEFICIT
38,-15.82,30.18,9.883,4.281,0.291,31.141,1592.0,38.207,22.473,24.427,-9.02,1.954,-23.61,DEFICIT
39,-15.52,30.48,9.927,4.335,0.291,31.54,1592.0,38.207,22.404,24.352,-8.615,1.948,-22.55,DEFICIT
40,-15.21,30.79,9.97,4.391,0.291,31.944,1592.0,38.207,22.334,24.277,-8.205,1.942,-21.47,DEFICIT
41,-14.9,31.1,10.015,4.447,0.291,32.355,1592.0,38.207,22.264,24.2,-7.787,1.936,-20.38,DEFICIT
42,-14.59,31.41,10.059,4.505,0.291,32.773,1592.0,38.207,22.193,24.123,-7.364,1.93,-19.27,DEFICIT
43,-14.27,31.73,10.104,4.563,0.291,33.196,1592.0,38.207,22.121,24.045,-6.934,1.924,-18.15,DEFICIT
44,-13.95,32.05,10.15,4.622,0.291,33.625,1592.0,38.207,22.049,23.966,-6.499,1.917,-17.01,DEFICIT
45,-13.62,32.38,10.196,4.682,0.291,34.061,1592.0,38.207,21.976,23.887,-6.057,1.911,-15.85,DEFICIT
46,-13.29,32.71,10.242,4.742,0.291,34.501,1592.0,38.207,21.902,23.806,-5.61,1.905,-14.68,DEFICIT
47,-12.95,33.05,10.289,4.804,0.291,34.948,1592.0,38.207,21.828,23.726,-5.157,1.898,-13.5,DEFICIT
48,-12.62,33.38,10.336,4.866,0.291,35.399,1592.0,38.207,21.753,23.645,-4.699,1.892,-12.3,DEFICIT
49,-12.27,33.73,10.383,4.929,0.291,35.856,1592.0,38.207,21.678,23.563,-4.236,1.885,-11.09,DEFICIT
50,-11.93,34.07,10.431,4.992,0.291,36.318,1592.0,38.207,21.602,23.48,-3.767,1.878,-9.86,DEFICIT
51,-11.58,34.42,10.478,5.056,0.291,36.785,1592.0,38.207,21.526,23.398,-3.294,1.872,-8.62,DEFICIT
52,-11.23,34.77,10.527,5.121,0.291,37.257,1592.0,38.207,21.449,23.314,-2.815,1.865,-7.37,DEFICIT
53,-10.87,35.13,10.575,5.187,0.291,37.733,1592.0,38.207,21.372,23.23,-2.332,1.858,-6.1,DEFICIT
54,-10.51,35.49,10.624,5.253,0.291,38.213,1592.0,38.207,21.294,23.146,-1.845,1.852,-4.83,DEFICIT
55,-10.15,35.85,10.673,5.319,0.291,38.698,1592.0,38.207,21.216,23.061,-1.354,1.845,-3.54,DEFICIT
56,-9.78,36.22,10.722,5.387,0.291,39.187,1592.0,38.207,21.138,22.976,-0.858,1.838,-2.25,DEFICIT
57,-9.41,36.59,10.771,5.454,0.291,39.68,1592.0,38.207,21.059,22.89,-0.358,1.831,-0.94,DEFICIT
58,-9.04,36.96,10.821,5.522,0.291,40.176,1592.0,38.207,20.98,22.805,0.145,1.824,0.38,MARGINAL
59,-8.67,37.33,10.871,5.591,0.291,40.676,1592.0,38.207,20.901,22.718,0.652,1.817,1.71,MARGINAL
60,-8.29,37.71,10.921,5.66,0.291,41.179,1592.0,38.207,20.821,22.632,1.162,1.811,3.04,MARGINAL
61,-7.91,38.09,10.971,5.73,0.291,41.686,1592.0,38.207,20.741,22.545,1.675,1.804,4.38,MARGINAL
62,-7.53,38.47,11.022,5.8,0.291,42.195,1592.0,38.207,20.661,22.458,2.191,1.797,5.74,MARGINAL
63,-7.15,38.85,11.072,5.87,0.291,42.707,1592.0,38.207,20.58,22.37,2.711,1.79,7.09,MARGINAL
64,-6.76,39.24,11.123,5.941,0.291,43.222,1592.0,38.207,20.5,22.282,3.232,1.783,8.46,MARGINAL
65,-6.38,39.62,11.174,6.012,0.291,43.739,1592.0,38.207,20.419,22.194,3.756,1.776,9.83,MARGINAL
66,-5.99,40.01,11.225,6.084,0.291,44.258,1592.0,38.207,20.337,22.106,4.283,1.768,11.21,MARGINAL
67,-5.6,40.4,11.276,6.155,0.291,44.779,1592.0,38.207,20.256,22.017,4.811,1.761,12.59,MARGINAL
68,-5.2,40.8,11.327,6.227,0.291,45.303,1592.0,38.207,20.174,21.929,5.341,1.754,13.98,MARGINAL
69,-4.81,41.19,11.379,6.299,0.291,45.827,1592.0,38.207,20.093,21.84,5.873,1.747,15.37,MARGINAL
70,-4.41,41.59,11.43,6.372,0.291,46.353,1592.0,38.207,20.011,21.751,6.406,1.74,16.77,MARGINAL
71,-4.02,41.98,11.482,6.444,0.291,46.881,1592.0,38.207,19.929,21.662,6.941,1.733,18.17,MARGINAL
72,-3.62,42.38,11.533,6.517,0.291,47.409,1592.0,38.207,19.847,21.572,7.477,1.726,19.57,MARGINAL
73,-3.22,42.78,11.585,6.589,0.291,47.938,1592.0,38.207,19.764,21.483,8.013,1.719,20.97,MARGINAL
74,-2.82,43.18,11.637,6.662,0.291,48.468,1592.0,38.207,19.682,21.393,8.55,1.711,22.38,MARGINAL
75,-2.42,43.58,11.688,6.735,0.291,48.999,1592.0,38.207,19.599,21.304,9.088,1.704,23.79,MARGINAL
76,-2.02,43.98,11.74,6.808,0.291,49.529,1592.0,38.207,19.517,21.214,9.625,1.697,25.19,MARGINAL
77,-1.61,44.39,11.792,6.881,0.291,50.06,1592.0,38.207,19.434,21.124,10.163,1.69,26.6,MARGINAL
78,-1.21,44.79,11.844,6.954,0.291,50.591,1592.0,38.207,19.352,21.034,10.701,1.683,28.01,MARGINAL
79,-0.81,45.19,11.896,7.027,0.291,51.121,1592.0,38.207,19.269,20.944,11.239,1.676,29.41,MARGINAL
80,-0.4,45.6,11.948,7.1,0.291,51.651,1592.0,38.207,19.186,20.855,11.775,1.668,30.82,OK
81,-0.0,46.0,12.0,7.172,0.291,52.18,1592.0,38.207,19.103,20.765,12.312,1.661,32.22,OK
82,0.4,46.4,12.052,7.245,0.291,52.708,1592.0,38.207,19.021,20.675,12.847,1.654,33.63,OK
83,0.81,46.81,12.104,7.318,0.291,53.235,1592.0,38.207,18.938,20.585,13.381,1.647,35.02,OK
84,1.21,47.21,12.156,7.39,0.291,53.761,1592.0,38.207,18.855,20.495,13.914,1.64,36.42,OK
85,1.61,47.61,12.208,7.462,0.291,54.285,1592.0,38.207,18.773,20.405,14.446,1.632,37.81,OK
86,2.02,48.02,12.26,7.534,0.291,54.808,1592.0,38.207,18.69,20.315,14.976,1.625,39.2,OK
87,2.42,48.42,12.312,7.605,0.291,55.329,1592.0,38.207,18.607,20.225,15.504,1.618,40.58,OK
88,2.82,48.82,12.363,7.677,0.291,55.848,1592.0,38.207,18.525,20.136,16.03,1.611,41.96,OK
89,3.22,49.22,12.415,7.748,0.291,56.365,1592.0,38.207,18.443,20.046,16.554,1.604,43.33,OK
90,3.62,49.62,12.467,7.818,0.291,56.88,1592.0,38.207,18.36,19.957,17.076,1.597,44.69,OK
91,4.02,50.02,12.518,7.889,0.291,57.392,1592.0,38.207,18.278,19.867,17.595,1.589,46.05,OK
92,4.41,50.41,12.57,7.959,0.291,57.901,1592.0,38.207,18.196,19.778,18.112,1.582,47.4,OK
93,4.81,50.81,12.621,8.029,0.291,58.408,1592.0,38.207,18.114,19.689,18.626,1.575,48.75,OK
94,5.2,51.2,12.673,8.098,0.291,58.911,1592.0,38.207,18.032,19.6,19.136,1.568,50.09,OK
95,5.6,51.6,12.724,8.167,0.291,59.412,1592.0,38.207,17.951,19.512,19.644,1.561,51.41,OK
96,5.99,51.99,12.775,8.235,0.291,59.909,1592.0,38.207,17.869,19.423,20.148,1.554,52.73,OK
97,6.38,52.38,12.826,8.303,0.291,60.403,1592.0,38.207,17.788,19.335,20.649,1.547,54.04,OK
98,6.76,52.76,12.877,8.37,0.291,60.893,1592.0,38.207,17.707,19.247,21.146,1.54,55.35,OK
99,7.15,53.15,12.928,8.437,0.291,61.379,1592.0,38.207,17.626,19.159,21.639,1.533,56.64,OK
100,7.53,53.53,12.978,8.503,0.291,61.861,1592.0,38.207,17.546,19.072,22.129,1.526,57.92,OK
101,7.91,53.91,13.029,8.569,0.291,62.34,1592.0,38.207,17.466,18.984,22.614,1.519,59.19,OK
102,8.29,54.29,13.079,8.634,0.291,62.814,1592.0,38.207,17.386,18.898,23.095,1.512,60.45,OK
103,8.67,54.67,13.129,8.699,0.291,63.284,1592.0,38.207,17.306,18.811,23.572,1.505,61.7,OK
104,9.04,55.04,13.179,8.763,0.291,63.75,1592.0,38.207,17.227,18.725,24.045,1.498,62.93,OK
105,9.41,55.41,13.229,8.826,0.291,64.211,1592.0,38.207,17.148,18.639,24.513,1.491,64.16,OK
106,9.78,55.78,13.278,8.889,0.291,64.667,1592.0,38.207,17.069,18.553,24.976,1.484,65.37,OK
107,10.15,56.15,13.327,8.951,0.291,65.118,1592.0,38.207,16.991,18.468,25.434,1.477,66.57,OK
108,10.51,56.51,13.376,9.012,0.291,65.565,1592.0,38.207,16.913,18.383,25.887,1.471,67.76,OK
109,10.87,56.87,13.425,9.073,0.291,66.006,1592.0,38.207,16.835,18.299,26.335,1.464,68.93,OK
110,11.23,57.23,13.473,9.133,0.291,66.442,1592.0,38.207,16.758,18.215,26.778,1.457,70.09,OK
111,11.58,57.58,13.522,9.192,0.291,66.873,1592.0,38.207,16.681,18.132,27.216,1.451,71.23,OK
112,11.93,57.93,13.569,9.251,0.291,67.299,1592.0,38.207,16.605,18.049,27.648,1.444,72.36,OK
113,12.27,58.27,13.617,9.308,0.291,67.719,1592.0,38.207,16.529,17.966,28.075,1.437,73.48,OK
114,12.62,58.62,13.664,9.365,0.291,68.134,1592.0,38.207,16.454,17.885,28.496,1.431,74.58,OK
115,12.95,58.95,13.711,9.422,0.291,68.542,1592.0,38.207,16.379,17.803,28.911,1.424,75.67,OK
116,13.29,59.29,13.758,9.477,0.291,68.945,1592.0,38.207,16.305,17.723,29.321,1.418,76.74,OK
117,13.62,59.62,13.804,9.532,0.291,69.343,1592.0,38.207,16.231,17.643,29.724,1.411,77.8,OK
118,13.95,59.95,13.85,9.585,0.291,69.734,1592.0,38.207,16.158,17.563,30.122,1.405,78.84,OK
119,14.27,60.27,13.896,9.638,0.291,70.119,1592.0,38.207,16.086,17.485,30.513,1.399,79.86,OK
120,14.59,60.59,13.941,9.69,0.291,70.498,1592.0,38.207,16.014,17.407,30.899,1.393,80.87,OK
121,14.9,60.9,13.985,9.742,0.291,70.871,1592.0,38.207,15.943,17.329,31.278,1.386,81.86,OK
122,15.21,61.21,14.03,9.792,0.291,71.237,1592.0,38.207,15.872,17.253,31.65,1.38,82.84,OK
123,15.52,61.52,14.073,9.842,0.291,71.598,1592.0,38.207,15.803,17.177,32.017,1.374,83.8,OK
124,15.82,61.82,14.117,9.89,0.291,71.951,1592.0,38.207,15.734,17.102,32.376,1.368,84.74,OK
125,16.11,62.11,14.16,9.938,0.291,72.299,1592.0,38.207,15.665,17.028,32.729,1.362,85.66,OK
126,16.4,62.4,14.202,9.985,0.291,72.639,1592.0,38.207,15.598,16.954,33.076,1.356,86.57,OK
127,16.69,62.69,14.244,10.031,0.291,72.973,1592.0,38.207,15.531,16.882,33.416,1.351,87.46,OK
128,16.97,62.97,14.285,10.076,0.291,73.301,1592.0,38.207,15.466,16.811,33.749,1.345,88.33,OK
129,17.25,63.25,14.326,10.12,0.291,73.621,1592.0,38.207,15.401,16.74,34.075,1.339,89.19,OK
130,17.52,63.52,14.366,10.163,0.291,73.935,1592.0,38.207,15.337,16.67,34.394,1.334,90.02,OK
131,17.78,63.78,14.406,10.205,0.291,74.242,1592.0,38.207,15.274,16.602,34.707,1.328,90.84,OK
132,18.04,64.04,14.445,10.246,0.291,74.542,1592.0,38.207,15.212,16.534,35.012,1.323,91.64,OK
133,18.3,64.3,14.483,10.287,0.291,74.835,1592.0,38.207,15.151,16.468,35.31,1.317,92.42,OK
134,18.55,64.55,14.521,10.326,0.291,75.121,1592.0,38.207,15.091,16.403,35.602,1.312,93.18,OK
135,18.79,64.79,14.558,10.364,0.291,75.4,1592.0,38.207,15.032,16.339,35.886,1.307,93.92,OK
136,19.03,65.03,14.594,10.402,0.291,75.671,1592.0,38.207,14.974,16.276,36.162,1.302,94.65,OK
137,19.26,65.26,14.63,10.438,0.291,75.936,1592.0,38.207,14.917,16.214,36.432,1.297,95.35,OK
138,19.49,65.49,14.665,10.473,0.291,76.193,1592.0,38.207,14.861,16.153,36.694,1.292,96.04,OK
139,19.71,65.71,14.699,10.508,0.291,76.443,1592.0,38.207,14.807,16.094,36.949,1.288,96.71,OK
140,19.93,65.93,14.733,10.541,0.291,76.686,1592.0,38.207,14.753,16.036,37.197,1.283,97.36,OK
141,20.14,66.14,14.765,10.573,0.291,76.922,1592.0,38.207,14.701,15.98,37.437,1.278,97.98,OK
142,20.34,66.34,14.797,10.605,0.291,77.15,1592.0,38.207,14.65,15.924,37.669,1.274,98.59,OK
143,20.54,66.54,14.828,10.635,0.291,77.371,1592.0,38.207,14.601,15.871,37.894,1.27,99.18,OK
144,20.73,66.73,14.859,10.664,0.291,77.584,1592.0,38.207,14.553,15.818,38.112,1.265,99.75,OK
145,20.92,66.92,14.888,10.693,0.291,77.79,1592.0,38.207,14.506,15.767,38.322,1.261,100.3,OK
146,21.1,67.1,14.916,10.72,0.291,77.988,1592.0,38.207,14.461,15.718,38.524,1.257,100.83,OK
147,21.27,67.27,14.944,10.746,0.291,78.179,1592.0,38.207,14.417,15.67,38.719,1.254,101.34,OK
148,21.44,67.44,14.971,10.771,0.291,78.363,1592.0,38.207,14.374,15.624,38.906,1.25,101.83,OK
149,21.6,67.6,14.997,10.796,0.291,78.538,1592.0,38.207,14.333,15.579,39.085,1.246,102.3,OK
150,21.75,67.75,15.022,10.819,0.291,78.706,1592.0,38.207,14.293,15.536,39.257,1.243,102.75,OK
151,21.9,67.9,15.045,10.841,0.291,78.867,1592.0,38.207,14.255,15.495,39.421,1.24,103.18,OK
152,22.04,68.04,15.068,10.862,0.291,79.02,1592.0,38.207,14.219,15.455,39.577,1.236,103.59,OK
153,22.17,68.17,15.09,10.882,0.291,79.165,1592.0,38.207,14.184,15.417,39.725,1.233,103.97,OK
154,22.3,68.3,15.111,10.901,0.291,79.303,1592.0,38.207,14.15,15.381,39.865,1.23,104.34,OK
155,22.42,68.42,15.131,10.919,0.291,79.433,1592.0,38.207,14.119,15.346,39.998,1.228,104.69,OK
156,22.54,68.54,15.15,10.935,0.291,79.555,1592.0,38.207,14.089,15.314,40.123,1.225,105.01,OK
157,22.65,68.65,15.168,10.951,0.291,79.669,1592.0,38.207,14.06,15.283,40.24,1.223,105.32,OK
158,22.75,68.75,15.185,10.966,0.291,79.776,1592.0,38.207,14.034,15.254,40.349,1.22,105.61,OK
159,22.84,68.84,15.2,10.979,0.291,79.875,1592.0,38.207,14.009,15.227,40.45,1.218,105.87,OK
160,22.93,68.93,15.215,10.992,0.291,79.966,1592.0,38.207,13.985,15.201,40.543,1.216,106.11,OK
161,23.01,69.01,15.229,11.003,0.291,80.049,1592.0,38.207,13.964,15.178,40.628,1.214,106.34,OK
162,23.09,69.09,15.241,11.014,0.291,80.125,1592.0,38.207,13.944,15.157,40.706,1.213,106.54,OK
163,23.15,69.15,15.252,11.023,0.291,80.193,1592.0,38.207,13.926,15.137,40.775,1.211,106.72,OK
164,23.21,69.21,15.262,11.031,0.291,80.253,1592.0,38.207,13.91,15.12,40.837,1.21,106.88,OK
165,23.27,69.27,15.271,11.039,0.291,80.305,1592.0,38.207,13.896,15.104,40.89,1.208,107.02,OK
166,23.31,69.31,15.279,11.045,0.291,80.35,1592.0,38.207,13.883,15.09,40.936,1.207,107.14,OK
167,23.35,69.35,15.286,11.05,0.291,80.386,1592.0,38.207,13.873,15.079,40.973,1.206,107.24,OK
168,23.39,69.39,15.291,11.054,0.291,80.415,1592.0,38.207,13.864,15.069,41.003,1.206,107.32,OK
169,23.41,69.41,15.296,11.057,0.291,80.436,1592.0,38.207,13.857,15.062,41.024,1.205,107.37,OK
170,23.43,69.43,15.299,11.058,0.291,80.449,1592.0,38.207,13.852,15.056,41.038,1.204,107.41,OK
171,23.44,69.44,15.301,11.059,0.291,80.455,1592.0,38.207,13.848,15.053,41.044,1.204,107.42,OK
172,23.45,69.45,15.302,11.059,0.291,80.452,1592.0,38.207,13.847,15.051,41.041,1.204,107.42,OK
173,23.45,69.45,15.302,11.057,0.291,80.442,1592.0,38.207,13.847,15.052,41.031,1.204,107.39,OK
174,23.44,69.44,15.3,11.055,0.291,80.424,1592.0,38.207,13.85,15.054,41.013,1.204,107.34,OK
175,23.42,69.42,15.298,11.051,0.291,80.398,1592.0,38.207,13.854,15.059,40.987,1.205,107.28,OK
176,23.4,69.4,15.294,11.047,0.291,80.364,1592.0,38.207,13.86,15.065,40.952,1.205,107.19,OK
177,23.37,69.37,15.289,11.041,0.291,80.323,1592.0,38.207,13.868,15.074,40.91,1.206,107.08,OK
178,23.34,69.34,15.283,11.034,0.291,80.274,1592.0,38.207,13.878,15.084,40.86,1.207,106.94,OK
179,23.29,69.29,15.275,11.026,0.291,80.217,1592.0,38.207,13.889,15.097,40.802,1.208,106.79,OK
180,23.24,69.24,15.267,11.018,0.291,80.152,1592.0,38.207,13.903,15.112,40.737,1.209,106.62,OK
181,23.18,69.18,15.257,11.008,0.291,80.08,1592.0,38.207,13.918,15.128,40.663,1.21,106.43,OK
182,23.12,69.12,15.247,10.997,0.291,80.0,1592.0,38.207,13.935,15.147,40.581,1.212,106.21,OK
183,23.05,69.05,15.235,10.984,0.291,79.912,1592.0,38.207,13.954,15.167,40.492,1.213,105.98,OK
184,22.97,68.97,15.222,10.971,0.291,79.817,1592.0,38.207,13.974,15.189,40.395,1.215,105.73,OK
185,22.89,68.89,15.208,10.957,0.291,79.714,1592.0,38.207,13.997,15.214,40.29,1.217,105.45,OK
186,22.8,68.8,15.193,10.942,0.291,79.603,1592.0,38.207,14.021,15.24,40.177,1.219,105.16,OK
187,22.7,68.7,15.176,10.926,0.291,79.484,1592.0,38.207,14.047,15.268,40.056,1.221,104.84,OK
188,22.59,68.59,15.159,10.908,0.291,79.358,1592.0,38.207,14.074,15.298,39.928,1.224,104.5,OK
189,22.48,68.48,15.141,10.89,0.291,79.225,1592.0,38.207,14.103,15.33,39.792,1.226,104.15,OK
190,22.36,68.36,15.121,10.871,0.291,79.084,1592.0,38.207,14.134,15.363,39.648,1.229,103.77,OK
191,22.24,68.24,15.101,10.85,0.291,78.935,1592.0,38.207,14.167,15.399,39.496,1.232,103.37,OK
192,22.11,68.11,15.08,10.829,0.291,78.779,1592.0,38.207,14.201,15.436,39.337,1.235,102.96,OK
193,21.97,67.97,15.057,10.806,0.291,78.615,1592.0,38.207,14.237,15.475,39.17,1.238,102.52,OK
194,21.83,67.83,15.034,10.783,0.291,78.444,1592.0,38.207,14.274,15.515,38.996,1.241,102.07,OK
195,21.67,67.67,15.009,10.758,0.291,78.266,1592.0,38.207,14.313,15.557,38.814,1.245,101.59,OK
196,21.52,67.52,14.984,10.733,0.291,78.08,1592.0,38.207,14.353,15.601,38.625,1.248,101.09,OK
197,21.35,67.35,14.958,10.706,0.291,77.887,1592.0,38.207,14.395,15.647,38.428,1.252,100.58,OK
198,21.18,67.18,14.93,10.678,0.291,77.686,1592.0,38.207,14.438,15.694,38.224,1.256,100.04,OK
199,21.01,67.01,14.902,10.65,0.291,77.478,1592.0,38.207,14.483,15.743,38.012,1.259,99.49,OK
200,20.82,66.82,14.873,10.62,0.291,77.263,1592.0,38.207,14.529,15.793,37.793,1.263,98.92,OK
201,20.64,66.64,14.843,10.59,0.291,77.041,1592.0,38.207,14.577,15.844,37.566,1.268,98.32,OK
202,20.44,66.44,14.813,10.558,0.291,76.811,1592.0,38.207,14.626,15.897,37.333,1.272,97.71,OK
203,20.24,66.24,14.781,10.526,0.291,76.575,1592.0,38.207,14.676,15.952,37.092,1.276,97.08,OK
204,20.03,66.03,14.749,10.492,0.291,76.331,1592.0,38.207,14.727,16.008,36.843,1.281,96.43,OK
205,19.82,65.82,14.716,10.458,0.291,76.08,1592.0,38.207,14.78,16.065,36.588,1.285,95.76,OK
206,19.6,65.6,14.682,10.422,0.291,75.822,1592.0,38.207,14.834,16.124,36.325,1.29,95.08,OK
207,19.38,65.38,14.647,10.386,0.291,75.557,1592.0,38.207,14.889,16.183,36.056,1.295,94.37,OK
208,19.15,65.15,14.612,10.349,0.291,75.286,1592.0,38.207,14.945,16.245,35.779,1.3,93.65,OK
209,18.91,64.91,14.576,10.31,0.291,75.007,1592.0,38.207,15.002,16.307,35.495,1.305,92.9,OK
210,18.67,64.67,14.539,10.271,0.291,74.721,1592.0,38.207,15.061,16.371,35.205,1.31,92.14,OK
211,18.42,64.42,14.502,10.231,0.291,74.429,1592.0,38.207,15.12,16.435,34.907,1.315,91.36,OK
212,18.17,64.17,14.464,10.19,0.291,74.13,1592.0,38.207,15.181,16.501,34.603,1.32,90.57,OK
213,17.91,63.91,14.425,10.148,0.291,73.825,1592.0,38.207,15.243,16.568,34.292,1.325,89.75,OK
214,17.65,63.65,14.386,10.105,0.291,73.512,1592.0,38.207,15.305,16.636,33.974,1.331,88.92,OK
215,17.38,63.38,14.346,10.061,0.291,73.193,1592.0,38.207,15.369,16.705,33.65,1.336,88.07,OK
216,17.11,63.11,14.306,10.016,0.291,72.868,1592.0,38.207,15.433,16.775,33.319,1.342,87.21,OK
217,16.83,62.83,14.265,9.971,0.291,72.536,1592.0,38.207,15.498,16.846,32.982,1.348,86.32,OK
218,16.55,62.55,14.223,9.924,0.291,72.198,1592.0,38.207,15.565,16.918,32.638,1.353,85.42,OK
219,16.26,62.26,14.181,9.877,0.291,71.853,1592.0,38.207,15.632,16.991,32.287,1.359,84.51,OK
220,15.96,61.96,14.138,9.829,0.291,71.503,1592.0,38.207,15.699,17.065,31.931,1.365,83.57,OK
221,15.67,61.67,14.095,9.779,0.291,71.146,1592.0,38.207,15.768,17.139,31.568,1.371,82.62,OK
222,15.36,61.36,14.052,9.73,0.291,70.782,1592.0,38.207,15.837,17.215,31.198,1.377,81.66,OK
223,15.06,61.06,14.008,9.679,0.291,70.413,1592.0,38.207,15.908,17.291,30.823,1.383,80.67,OK
224,14.74,60.74,13.963,9.627,0.291,70.038,1592.0,38.207,15.978,17.368,30.442,1.389,79.68,OK
225,14.43,60.43,13.918,9.575,0.291,69.657,1592.0,38.207,16.05,17.445,30.055,1.396,78.66,OK
226,14.11,60.11,13.873,9.522,0.291,69.27,1592.0,38.207,16.122,17.524,29.661,1.402,77.63,OK
227,13.78,59.78,13.827,9.468,0.291,68.878,1592.0,38.207,16.195,17.603,29.263,1.408,76.59,OK
228,13.45,59.45,13.781,9.413,0.291,68.479,1592.0,38.207,16.268,17.683,28.858,1.415,75.53,OK
229,13.12,59.12,13.735,9.357,0.291,68.076,1592.0,38.207,16.342,17.763,28.448,1.421,74.46,OK
230,12.79,58.79,13.688,9.301,0.291,67.666,1592.0,38.207,16.416,17.844,28.032,1.428,73.37,OK
231,12.45,58.45,13.641,9.244,0.291,67.252,1592.0,38.207,16.491,17.925,27.611,1.434,72.27,OK
232,12.1,58.1,13.593,9.186,0.291,66.832,1592.0,38.207,16.567,18.008,27.184,1.441,71.15,OK
233,11.75,57.75,13.546,9.128,0.291,66.407,1592.0,38.207,16.643,18.09,26.753,1.447,70.02,OK
234,11.4,57.4,13.498,9.069,0.291,65.976,1592.0,38.207,16.719,18.173,26.316,1.454,68.88,OK
235,11.05,57.05,13.449,9.009,0.291,65.541,1592.0,38.207,16.796,18.257,25.874,1.461,67.72,OK
236,10.69,56.69,13.401,8.949,0.291,65.101,1592.0,38.207,16.874,18.341,25.427,1.467,66.55,OK
237,10.33,56.33,13.352,8.887,0.291,64.656,1592.0,38.207,16.952,18.426,24.975,1.474,65.37,OK
238,9.97,55.97,13.303,8.826,0.291,64.207,1592.0,38.207,17.03,18.511,24.519,1.481,64.17,OK
239,9.6,55.6,13.253,8.763,0.291,63.753,1592.0,38.207,17.108,18.596,24.058,1.488,62.97,OK
240,9.23,55.23,13.204,8.7,0.291,63.294,1592.0,38.207,17.187,18.682,23.593,1.495,61.75,OK
241,8.86,54.86,13.154,8.637,0.291,62.831,1592.0,38.207,17.266,18.768,23.123,1.501,60.52,OK
242,8.48,54.48,13.104,8.572,0.291,62.364,1592.0,38.207,17.346,18.854,22.649,1.508,59.28,OK
243,8.1,54.1,13.054,8.508,0.291,61.893,1592.0,38.207,17.426,18.941,22.171,1.515,58.03,OK
244,7.72,53.72,13.004,8.442,0.291,61.418,1592.0,38.207,17.506,19.028,21.689,1.522,56.77,OK
245,7.34,53.34,12.953,8.377,0.291,60.94,1592.0,38.207,17.586,19.115,21.203,1.529,55.5,OK
246,6.96,52.96,12.902,8.31,0.291,60.457,1592.0,38.207,17.667,19.203,20.714,1.536,54.22,OK
247,6.57,52.57,12.852,8.243,0.291,59.971,1592.0,38.207,17.748,19.291,20.221,1.543,52.93,OK
248,6.18,52.18,12.801,8.176,0.291,59.482,1592.0,38.207,17.829,19.379,19.725,1.55,51.63,OK
249,5.79,51.79,12.75,8.108,0.291,58.989,1592.0,38.207,17.91,19.467,19.225,1.557,50.32,OK
250,5.4,51.4,12.698,8.04,0.291,58.494,1592.0,38.207,17.992,19.556,18.722,1.564,49.0,OK
251,5.01,51.01,12.647,7.972,0.291,57.995,1592.0,38.207,18.073,19.645,18.217,1.572,47.68,OK
252,4.61,50.61,12.596,7.903,0.291,57.494,1592.0,38.207,18.155,19.734,17.708,1.579,46.35,OK
253,4.22,50.22,12.544,7.834,0.291,56.99,1592.0,38.207,18.237,19.823,17.197,1.586,45.01,OK
254,3.82,49.82,12.493,7.764,0.291,56.483,1592.0,38.207,18.319,19.912,16.683,1.593,43.67,OK
255,3.42,49.42,12.441,7.694,0.291,55.974,1592.0,38.207,18.401,20.002,16.167,1.6,42.32,OK
256,3.02,49.02,12.389,7.624,0.291,55.463,1592.0,38.207,18.484,20.091,15.649,1.607,40.96,OK
257,2.62,48.62,12.337,7.553,0.291,54.95,1592.0,38.207,18.566,20.181,15.129,1.614,39.6,OK
258,2.22,48.22,12.286,7.483,0.291,54.435,1592.0,38.207,18.649,20.27,14.607,1.622,38.23,OK
259,1.81,47.81,12.234,7.412,0.291,53.919,1592.0,38.207,18.731,20.36,14.083,1.629,36.86,OK
260,1.41,47.41,12.182,7.34,0.291,53.401,1592.0,38.207,18.814,20.45,13.558,1.636,35.49,OK
261,1.01,47.01,12.13,7.269,0.291,52.882,1592.0,38.207,18.897,20.54,13.032,1.643,34.11,OK
262,0.61,46.61,12.078,7.197,0.291,52.361,1592.0,38.207,18.979,20.63,12.504,1.65,32.73,OK
263,0.2,46.2,12.026,7.126,0.291,51.84,1592.0,38.207,19.062,20.72,11.975,1.658,31.34,OK
264,-0.2,45.8,11.974,7.054,0.291,51.318,1592.0,38.207,19.145,20.81,11.446,1.665,29.96,MARGINAL
265,-0.61,45.39,11.922,6.982,0.291,50.795,1592.0,38.207,19.228,20.9,10.916,1.672,28.57,MARGINAL
266,-1.01,44.99,11.87,6.91,0.291,50.271,1592.0,38.207,19.31,20.989,10.385,1.679,27.18,MARGINAL
267,-1.41,44.59,11.818,6.838,0.291,49.748,1592.0,38.207,19.393,21.079,9.855,1.686,25.79,MARGINAL
268,-1.81,44.19,11.766,6.766,0.291,49.224,1592.0,38.207,19.476,21.169,9.324,1.694,24.4,MARGINAL
269,-2.22,43.78,11.714,6.694,0.291,48.701,1592.0,38.207,19.558,21.259,8.793,1.701,23.02,MARGINAL
270,-2.62,43.38,11.663,6.622,0.291,48.178,1592.0,38.207,19.641,21.349,8.263,1.708,21.63,MARGINAL
271,-3.02,42.98,11.611,6.551,0.291,47.655,1592.0,38.207,19.723,21.438,7.733,1.715,20.24,MARGINAL
272,-3.42,42.58,11.559,6.479,0.291,47.133,1592.0,38.207,19.805,21.528,7.204,1.722,18.86,MARGINAL
273,-3.82,42.18,11.507,6.407,0.291,46.612,1592.0,38.207,19.888,21.617,6.676,1.729,17.47,MARGINAL
274,-4.22,41.78,11.456,6.336,0.291,46.092,1592.0,38.207,19.97,21.706,6.148,1.737,16.09,MARGINAL
275,-4.61,41.39,11.404,6.264,0.291,45.573,1592.0,38.207,20.052,21.795,5.622,1.744,14.72,MARGINAL
276,-5.01,40.99,11.353,6.193,0.291,45.055,1592.0,38.207,20.134,21.884,5.098,1.751,13.34,MARGINAL
277,-5.4,40.6,11.302,6.122,0.291,44.54,1592.0,38.207,20.215,21.973,4.575,1.758,11.97,MARGINAL
278,-5.79,40.21,11.25,6.052,0.291,44.025,1592.0,38.207,20.297,22.062,4.054,1.765,10.61,MARGINAL
279,-6.18,39.82,11.199,5.981,0.291,43.513,1592.0,38.207,20.378,22.15,3.534,1.772,9.25,MARGINAL
280,-6.57,39.43,11.148,5.911,0.291,43.003,1592.0,38.207,20.459,22.238,3.018,1.779,7.9,MARGINAL
281,-6.96,39.04,11.098,5.841,0.291,42.496,1592.0,38.207,20.54,22.326,2.503,1.786,6.55,MARGINAL
282,-7.34,38.66,11.047,5.772,0.291,41.991,1592.0,38.207,20.621,22.414,1.991,1.793,5.21,MARGINAL
283,-7.72,38.28,10.996,5.703,0.291,41.488,1592.0,38.207,20.701,22.501,1.481,1.8,3.88,MARGINAL
284,-8.1,37.9,10.946,5.634,0.291,40.989,1592.0,38.207,20.781,22.588,0.975,1.807,2.55,MARGINAL
285,-8.48,37.52,10.896,5.566,0.291,40.493,1592.0,38.207,20.861,22.675,0.472,1.814,1.23,MARGINAL
286,-8.86,37.14,10.846,5.498,0.291,39.999,1592.0,38.207,20.941,22.761,-0.028,1.821,-0.07,DEFICIT
287,-9.23,36.77,10.796,5.431,0.291,39.51,1592.0,38.207,21.02,22.848,-0.525,1.828,-1.37,DEFICIT
288,-9.6,36.4,10.747,5.364,0.291,39.024,1592.0,38.207,21.099,22.933,-1.018,1.835,-2.66,DEFICIT
289,-9.97,36.03,10.697,5.298,0.291,38.541,1592.0,38.207,21.177,23.019,-1.507,1.841,-3.94,DEFICIT
290,-10.33,35.67,10.648,5.232,0.291,38.063,1592.0,38.207,21.255,23.104,-1.992,1.848,-5.21,DEFICIT
291,-10.69,35.31,10.599,5.167,0.291,37.589,1592.0,38.207,21.333,23.188,-2.473,1.855,-6.47,DEFICIT
292,-11.05,34.95,10.551,5.102,0.291,37.119,1592.0,38.207,21.41,23.272,-2.95,1.862,-7.72,DEFICIT
293,-11.4,34.6,10.502,5.038,0.291,36.653,1592.0,38.207,21.487,23.356,-3.422,1.868,-8.96,DEFICIT
294,-11.75,34.25,10.454,4.975,0.291,36.192,1592.0,38.207,21.564,23.439,-3.89,1.875,-10.18,DEFICIT
295,-12.1,33.9,10.407,4.912,0.291,35.736,1592.0,38.207,21.64,23.522,-4.352,1.882,-11.39,DEFICIT
296,-12.45,33.55,10.359,4.85,0.291,35.285,1592.0,38.207,21.715,23.604,-4.81,1.888,-12.59,DEFICIT
297,-12.79,33.21,10.312,4.789,0.291,34.839,1592.0,38.207,21.79,23.685,-5.263,1.895,-13.77,DEFICIT
298,-13.12,32.88,10.265,4.728,0.291,34.398,1592.0,38.207,21.865,23.766,-5.71,1.901,-14.95,DEFICIT
299,-13.45,32.55,10.219,4.668,0.291,33.963,1592.0,38.207,21.939,23.847,-6.152,1.908,-16.1,DEFICIT
300,-13.78,32.22,10.173,4.609,0.291,33.533,1592.0,38.207,22.012,23.926,-6.588,1.914,-17.24,DEFICIT
301,-14.11,31.89,10.127,4.551,0.291,33.108,1592.0,38.207,22.085,24.005,-7.019,1.92,-18.37,DEFICIT
302,-14.43,31.57,10.082,4.493,0.291,32.69,1592.0,38.207,22.157,24.084,-7.444,1.927,-19.48,DEFICIT
303,-14.74,31.26,10.037,4.437,0.291,32.277,1592.0,38.207,22.229,24.161,-7.863,1.933,-20.58,DEFICIT
304,-15.06,30.94,9.992,4.381,0.291,31.871,1592.0,38.207,22.299,24.238,-8.275,1.939,-21.66,DEFICIT
305,-15.36,30.64,9.948,4.326,0.291,31.47,1592.0,38.207,22.369,24.315,-8.682,1.945,-22.72,DEFICIT
306,-15.67,30.33,9.905,4.272,0.291,31.076,1592.0,38.207,22.439,24.39,-9.082,1.951,-23.77,DEFICIT
307,-15.96,30.04,9.862,4.218,0.291,30.689,1592.0,38.207,22.507,24.465,-9.475,1.957,-24.8,DEFICIT
308,-16.26,29.74,9.819,4.166,0.291,30.308,1592.0,38.207,22.575,24.538,-9.862,1.963,-25.81,DEFICIT
309,-16.55,29.45,9.777,4.115,0.291,29.934,1592.0,38.207,22.642,24.611,-10.242,1.969,-26.81,DEFICIT
310,-16.83,29.17,9.735,4.064,0.291,29.566,1592.0,38.207,22.708,24.683,-10.615,1.975,-27.78,DEFICIT
311,-17.11,28.89,9.694,4.015,0.291,29.206,1592.0,38.207,22.774,24.754,-10.982,1.98,-28.74,DEFICIT
312,-17.38,28.62,9.654,3.966,0.291,28.852,1592.0,38.207,22.838,24.824,-11.341,1.986,-29.68,DEFICIT
313,-17.65,28.35,9.614,3.918,0.291,28.505,1592.0,38.207,22.902,24.893,-11.693,1.991,-30.6,DEFICIT
314,-17.91,28.09,9.575,3.872,0.291,28.166,1592.0,38.207,22.964,24.961,-12.038,1.997,-31.51,DEFICIT
315,-18.17,27.83,9.536,3.826,0.291,27.834,1592.0,38.207,23.026,25.028,-12.375,2.002,-32.39,DEFICIT
316,-18.42,27.58,9.498,3.781,0.291,27.509,1592.0,38.207,23.086,25.094,-12.705,2.008,-33.25,DEFICIT
317,-18.67,27.33,9.461,3.738,0.291,27.192,1592.0,38.207,23.146,25.159,-13.027,2.013,-34.1,DEFICIT
318,-18.91,27.09,9.424,3.695,0.291,26.882,1592.0,38.207,23.204,25.222,-13.342,2.018,-34.92,DEFICIT
319,-19.15,26.85,9.388,3.654,0.291,26.58,1592.0,38.207,23.262,25.285,-13.649,2.023,-35.72,DEFICIT
320,-19.38,26.62,9.353,3.613,0.291,26.286,1592.0,38.207,23.318,25.346,-13.949,2.028,-36.51,DEFICIT
321,-19.6,26.4,9.318,3.574,0.291,25.999,1592.0,38.207,23.373,25.406,-14.24,2.032,-37.27,DEFICIT
322,-19.82,26.18,9.284,3.535,0.291,25.72,1592.0,38.207,23.427,25.464,-14.524,2.037,-38.01,DEFICIT
323,-20.03,25.97,9.251,3.498,0.291,25.45,1592.0,38.207,23.48,25.521,-14.799,2.042,-38.73,DEFICIT
324,-20.24,25.76,9.219,3.462,0.291,25.187,1592.0,38.207,23.531,25.577,-15.066,2.046,-39.43,DEFICIT
325,-20.44,25.56,9.187,3.427,0.291,24.932,1592.0,38.207,23.581,25.632,-15.326,2.051,-40.11,DEFICIT
326,-20.64,25.36,9.157,3.393,0.291,24.685,1592.0,38.207,23.63,25.685,-15.577,2.055,-40.77,DEFICIT
327,-20.82,25.18,9.127,3.36,0.291,24.446,1592.0,38.207,23.678,25.737,-15.82,2.059,-41.41,DEFICIT
328,-21.01,24.99,9.098,3.329,0.291,24.215,1592.0,38.207,23.724,25.787,-16.055,2.063,-42.02,DEFICIT
329,-21.18,24.82,9.07,3.298,0.291,23.993,1592.0,38.207,23.768,25.835,-16.281,2.067,-42.61,DEFICIT
330,-21.35,24.65,9.042,3.269,0.291,23.779,1592.0,38.207,23.812,25.882,-16.499,2.071,-43.18,DEFICIT
331,-21.52,24.48,9.016,3.24,0.291,23.573,1592.0,38.207,23.854,25.928,-16.708,2.074,-43.73,DEFICIT
332,-21.67,24.33,8.991,3.213,0.291,23.375,1592.0,38.207,23.894,25.972,-16.909,2.078,-44.26,DEFICIT
333,-21.83,24.17,8.966,3.187,0.291,23.186,1592.0,38.207,23.933,26.014,-17.102,2.081,-44.76,DEFICIT
334,-21.97,24.03,8.943,3.162,0.291,23.005,1592.0,38.207,23.97,26.054,-17.286,2.084,-45.24,DEFICIT
335,-22.11,23.89,8.92,3.139,0.291,22.833,1592.0,38.207,24.006,26.093,-17.462,2.087,-45.7,DEFICIT
336,-22.24,23.76,8.899,3.116,0.291,22.669,1592.0,38.207,24.04,26.13,-17.629,2.09,-46.14,DEFICIT
337,-22.36,23.64,8.879,3.095,0.291,22.513,1592.0,38.207,24.073,26.166,-17.787,2.093,-46.55,DEFICIT
338,-22.48,23.52,8.859,3.074,0.291,22.366,1592.0,38.207,24.103,26.199,-17.936,2.096,-46.95,DEFICIT
339,-22.59,23.41,8.841,3.055,0.291,22.228,1592.0,38.207,24.133,26.231,-18.077,2.098,-47.31,DEFICIT
340,-22.7,23.3,8.824,3.038,0.291,22.098,1592.0,38.207,24.16,26.261,-18.21,2.101,-47.66,DEFICIT
341,-22.8,23.2,8.807,3.021,0.291,21.977,1592.0,38.207,24.186,26.289,-18.333,2.103,-47.98,DEFICIT
342,-22.89,23.11,8.792,3.005,0.291,21.864,1592.0,38.207,24.21,26.315,-18.448,2.105,-48.28,DEFICIT
343,-22.97,23.03,8.778,2.991,0.291,21.76,1592.0,38.207,24.233,26.34,-18.554,2.107,-48.56,DEFICIT
344,-23.05,22.95,8.765,2.978,0.291,21.664,1592.0,38.207,24.253,26.362,-18.651,2.109,-48.82,DEFICIT
345,-23.12,22.88,8.753,2.966,0.291,21.577,1592.0,38.207,24.272,26.383,-18.74,2.111,-49.05,DEFICIT
346,-23.18,22.82,8.743,2.955,0.291,21.499,1592.0,38.207,24.289,26.401,-18.82,2.112,-49.26,DEFICIT
347,-23.24,22.76,8.733,2.946,0.291,21.43,1592.0,38.207,24.304,26.418,-18.891,2.113,-49.44,DEFICIT
348,-23.29,22.71,8.725,2.937,0.291,21.369,1592.0,38.207,24.318,26.432,-18.953,2.115,-49.61,DEFICIT
349,-23.34,22.66,8.717,2.93,0.291,21.316,1592.0,38.207,24.329,26.445,-19.006,2.116,-49.75,DEFICIT
350,-23.37,22.63,8.711,2.924,0.291,21.273,1592.0,38.207,24.339,26.455,-19.051,2.116,-49.86,DEFICIT
351,-23.4,22.6,8.706,2.919,0.291,21.238,1592.0,38.207,24.347,26.464,-19.086,2.117,-49.95,DEFICIT
352,-23.42,22.58,8.702,2.916,0.291,21.212,1592.0,38.207,24.353,26.471,-19.113,2.118,-50.02,DEFICIT
353,-23.44,22.56,8.7,2.913,0.291,21.194,1592.0,38.207,24.357,26.475,-19.131,2.118,-50.07,DEFICIT
354,-23.45,22.55,8.698,2.912,0.291,21.185,1592.0,38.207,24.359,26.478,-19.14,2.118,-50.1,DEFICIT
355,-23.45,22.55,8.698,2.912,0.291,21.185,1592.0,38.207,24.36,26.478,-19.14,2.118,-50.1,DEFICIT
356,-23.44,22.56,8.699,2.913,0.291,21.194,1592.0,38.207,24.359,26.477,-19.131,2.118,-50.07,DEFICIT
357,-23.43,22.57,8.701,2.916,0.291,21.211,1592.0,38.207,24.355,26.473,-19.114,2.118,-50.03,DEFICIT
358,-23.41,22.59,8.704,2.919,0.291,21.237,1592.0,38.207,24.35,26.468,-19.087,2.117,-49.96,DEFICIT
359,-23.39,22.61,8.709,2.924,0.291,21.272,1592.0,38.207,24.343,26.46,-19.052,2.117,-49.87,DEFICIT
360,-23.35,22.65,8.714,2.93,0.291,21.315,1592.0,38.207,24.334,26.45,-19.008,2.116,-49.75,DEFICIT
361,-23.31,22.69,8.721,2.937,0.291,21.367,1592.0,38.207,24.324,26.439,-18.955,2.115,-49.61,DEFICIT
362,-23.27,22.73,8.729,2.945,0.291,21.428,1592.0,38.207,24.311,26.425,-18.893,2.114,-49.45,DEFICIT
363,-23.21,22.79,8.738,2.955,0.291,21.497,1592.0,38.207,24.297,26.41,-18.822,2.113,-49.26,DEFICIT
364,-23.15,22.85,8.748,2.966,0.291,21.576,1592.0,38.207,24.281,26.392,-18.743,2.111,-49.06,DEFICIT
365,-23.09,22.91,8.759,2.978,0.291,21.662,1592.0,38.207,24.263,26.373,-18.654,2.11,-48.82,DEFICIT
