"ID","Description","Rationale","Source","Type","Parent","Owner_agent","Priority","VV_Method","VV_Status","Phase","Trade_Study","Risk","Confidence","Falsifying_Observation"
"StNeed-001","Regione Liguria + PC + ARPA: mappe ad alta risoluzione (≤0.5m GSD) versanti a rischio aree SNAI, settimanale stagione piovosa, mensile altrimenti","Prevenzione rischio idrogeologico","PSNAI 2025 + DGR Liguria","StNeed","-","snai-funding-expert","H","-","-","Pre-A","-","RSK-MKT-003,RSK-OPS-002","medium","Regione non firma LoI entro M+10 → re-design anchor customer"
"StNeed-002","PC + VVF + CC Forestali + Enti Parco: alert hotspot termico (≥40°C) entro 5 min, localizzazione GPS + thumbnail","Tempestività intervento antincendio boschivo","Protocollo PC Liguria + CC Forestali","StNeed","-","snai-funding-expert","H","-","-","Pre-A","-","RSK-OPS-002","medium","PC dichiara latency 5min non sufficiente → re-design SyR-F-003"
"StNeed-003","PC + Comune Torriglia + Comunità Pentema: connettività mobile/dati backup, disponibilità ≥99% durante crisi","Resilienza comunicazioni in emergenza","Workshop PC Liguria","StNeed","-","snai-funding-expert","M","-","-","Pre-A","-","RSK-REG-005","medium","AGCOM nega banda licensing → declass UC-003 a opportunistico"
"StNeed-004","PC + CC Forestali: osservazione aerea persistente + payload termico per SAR persone disperse","Supporto operazioni SAR montane","Protocollo SAR PC/CC","StNeed","-","snai-funding-expert","M","-","-","Pre-A","-","-","medium","SAR operato in-house VVF, no servizio commerciale → mercato piccolo"
"StNeed-005","Fabrica + 10 cooperative: mappe topografiche annuali territorio operativo, accuratezza ≤2m","Servizi forestali, agroforestali, manutenzione verde","Workshop cooperative M+0-3","StNeed","-","business-model-strategist","M","-","-","Pre-A","-","-","low-medium","<8/10 cooperative aderiscono → re-design partnership"
"StNeed-006","Cooperative agricole: mappe multispettrali NDVI/NDRE quindicinali in stagione vegetativa","Fertirrigazione + rilevamento patogeni","Workshop cooperative agricole","StNeed","-","earth-observation-expert","M","-","-","Pre-A","-","RSK-MKT-004","low","Pricing target €5-50k/anno < OpEx allocato → UC-005 non scalabile"
"StNeed-007","Cooperative + comunità rurali: connettività dati ≥10 Mbps in aree senza copertura","Servizi essenziali (e-banking, telemedicina, formazione)","Dossier SNAI Liguria + indagine 2026","StNeed","-","telecom-ntn-payload-expert","M","-","-","Pre-A","-","RSK-MKT-005","medium","Starlink consumer copre già aree Pentema → competizione"
"StNeed-008","Comunità Pentema + Garante: no sorveglianza personale, no identificazione volti/targhe in archivi","Privacy + accettabilità sociale","Principi GDPR + best practice Garante","StNeed","-","data-privacy-counsel","H","-","-","Pre-A","-","RSK-TEC-006","high","DPIA bocciata dal Garante → sospensione UC-001/002 Pentema"
"StNeed-009","Regione + Enti Parco + comunità: propulsione elettrica/solare, materiali low-impact, rumore <65 dB(A)","Sostenibilità + minimo impatto ambientale","Reg. UE 2019/945 + ISO 14001 + DGR sostenibilità","StNeed","-","esg-sustainability-officer","H","-","-","Pre-A","-","-","high","Rumore misurato >65 dB(A) a 100m → revisione propulsione/profilo"
"StNeed-010","Firmamento + Regione + PC: disponibilità ≥80% giorni/anno + reazione emergenza ≤4h","SLA operativi PA + servizi essenziali","SLA tipici PC + servizi essenziali","StNeed","-","vtol-uas-specialist","H","-","-","Pre-A","-","RSK-OPS-001","medium","Uptime Y1 <60% → re-baseline SLA + revisione contratti"
"StNeed-011","ENAC + ENAV + Regione: safe behaviour in lost-link/avionica/payload degrade, no incidenti su terzi","Sicurezza operativa BVLOS","Reg. UE 2019/947 + ENAC Reg.APR Ed.3 + OSO","StNeed","-","aviation-regulatory-counsel","H","-","-","Pre-A","-","RSK-TEC-007","high","Incidente fatale BVLOS Y1-Y2 → revisione completa modello + 432-bis CP"
"StNeed-012","ENAC + EASA: piena conformità Reg.UE 2019/947 classe Specific con SORA approvata + Ops Manual","Compliance regolatoria europea + nazionale","Reg. UE 2019/947 + EASA AMC/GM Am.3 (set.2025)","StNeed","-","aviation-regulatory-counsel","H","-","-","Pre-A","-","RSK-REG-002","high","ENAC nega SAIL II-III Pentema → re-design ConOps (VLOS-only)"
"StNeed-013","AGCOM + MIMIT: tutti link radio in bande regolarmente licenziate + ITU coordination","Compliance spettro radio + ITU","D.Lgs. 259/2003 + Cap. 5.5","StNeed","-","aviation-regulatory-counsel","H","-","-","Pre-A","-","RSK-REG-005","high","AGCOM rifiuta licensing temporaneo banda LTE tattico → UC-003 declass"
"StNeed-014","Garante + comunità: trattamento dati personali GDPR-compliant + DPIA per casi d'uso alto rischio","Compliance privacy + protezione dati","Reg. UE 2016/679 + D.Lgs. 196/2003 novellato","StNeed","-","data-privacy-counsel","H","-","-","Pre-A","-","RSK-TEC-006,RSK-REG-016","high","DPIA pubblica con esito negativo → revisione architettura privacy"
"StNeed-015","Firmamento + Coopfond: servizi (DaaS, IaaS, canone) anziché vendita asset","Boundary B1 + modello operatore service-only","Visione strategica (riferimenti/visione-10-anni.md)","StNeed","-","business-model-strategist","H","-","-","Pre-A","-","RSK-FIN-002","boundary","Firma contratto vendita asset → violazione B1 (vedi NegR-B-001)"
"StNeed-016","Coopfond + Regione: revenue Percorso 6A Y1 ≥ €200k da contratti PA + cooperative","Sostenibilità finanziaria pilota + replicabilità","Bando Cooding + sostenibilità progetto","StNeed","-","financial-cfo-analyst","H","-","-","Pre-A","-","RSK-FIN-003","medium","Revenue Y1 < €100k → revisione drastica MVP scope"
"StNeed-017","Firmamento + potenziali partner: scelte 6A producono asset riusabili per 6B + preserva traiettoria EU consortium","Coerenza con visione 10 anni + boundary B2","Visione strategica progetto","StNeed","-","sovereign-strategist","H","-","-","Pre-A","-","-","boundary","Lock-in tecnologico 6A che impedisce 6B → revisione architetturale"
"StNeed-018","Comune Torriglia: deliberazione formale ospitalità pilota + autorizzazioni locali entro M+10","Anchor sito pilota + accettabilità istituzionale locale","Engagement Comune M+3-6","StNeed","-","snai-funding-expert","H","-","-","Pre-A","-","-","medium","Comune ritira disponibilità → relocate pilota in altra frazione SNAI"
"StNeed-019","ASL3 Genovese: servizi telemedicina/teleassistenza per residenti Pentema con SLA garantito","Riduzione divario sanitario aree interne","Indagine ASL3 + DGR Sanità Liguria","StNeed","-","snai-funding-expert","M","-","-","Pre-A","-","-","low-medium","ASL3 non identifica use case scalabile → UC-008 declass"
"StNeed-020","ACN + Firmamento: posture cybersecurity NIS2-compliant + ISMS Part-IS operativo entro M+9","Compliance NIS2 + Part-IS (Reg.UE 2023/203)","D.Lgs. 138/2024 + Part-IS","StNeed","-","aviation-regulatory-counsel","H","-","-","Pre-A","-","RSK-REG-019,RSK-REG-027","high","ENAC audit Part-IS rileva non-conformità → sospensione operazioni"
"StNeed-021","MIMIT + ASI + CIRA: posizionamento Firmamento come nodo italiano in roadmap EU HAPS/IRIS²","Visione strategica B2 + roadmap consorzio EU","Visione 10 anni + RESERVED-rischi-geopolitici","StNeed","-","sovereign-strategist","M","-","-","Pre-A","-","RSK-GEO-002","boundary","EU consortium si forma senza Firmamento → marginalizzazione Y5-Y7"
"StNeed-022","DTA Puglia + GATB Grottaglie: accesso test bed BVLOS per qualification piattaforma 6A","Validation test bed certificato","Partnership DTA + GATB","StNeed","-","vtol-uas-specialist","M","-","-","Pre-A","-","-","medium","GATB non disponibile in finestra M+9-11 → schedule slip 3-6 mesi"
"StNeed-023","EASA + RMT HAPS: framework certificazione HAPS aperto entro M+36 (Phase B 6B)","Boundary B2 + path certification HALE","EASA Special Condition pathway + RMT","StNeed","-","aviation-regulatory-counsel","H","-","-","Pre-A","-","RSK-TEC-003","low","EASA non apre RMT HAPS entro M+36 → 6B Phase B rinviato/cancellato"
"StNeed-024","ENAV: procedure dedicate FL400+ per HALE perennial cross-CTR entro Y4","Operatività italiana 6B perennial","Reg.UE 2017/373 + ENAV AIP Italy","StNeed","-","avionics-gnc-engineer","M","-","-","Pre-A","-","RSK-REG-030","low","ENAV declina procedure HAPS perennial → 6B Italia bloccato"
"StNeed-025","Coopfond + Firmamento: revenue diversificato Y2-Y3 (no >40% da un singolo cliente)","Riduzione customer concentration risk + replicabilità","Best practice startup B2G","StNeed","-","business-model-strategist","M","-","-","Pre-A","-","RSK-FIN-004","medium","Y2 revenue >60% da Regione Liguria → vulnerabilità anchor"
"StNeed-026","Firmamento: capacity di formazione/upskill 2 PIC + 2 ingegneri payload entro M+12","HR readiness per operations Y1","Best practice UAS operator + Reg.ENAC","StNeed","-","vtol-uas-specialist","H","-","-","Pre-A","-","-","medium","Turnover Y1 PIC critico → operazioni sospese"
"StNeed-027","Ente Parco Antola + Aveto: missioni vigilanza ambientale + censimento fauna stagionali","Servizi Enti Parco + biodiversità","Engagement Enti Parco Liguria","StNeed","-","earth-observation-expert","M","-","-","Pre-A","-","-","low-medium","Enti Parco non sottoscrivono LoI → UC-007 declass"
"StNeed-028","Firmamento + Coopfond: governance trasparente + audit annuale verso Coopfond + advisory cooperative","Accountability stakeholder + boundary B1","Bando Coopfond + governance cooperativa","StNeed","-","business-model-strategist","M","-","-","Pre-A","-","-","high","Audit Coopfond rileva non-conformità governance → revisione board"
"SyR-F-001","Sistema [6A] esegue missioni osservazione aerea con payload EO+IR in area appenninica ligure entro raggio 30 km dalla GS, GSD ≤0.5m @ 500m AGL","Soddisfare StNeed-001+002 con risoluzione cartografica utile","StNeed-001,StNeed-002","SyR","StNeed-001,StNeed-002","aerospace-SE","H","A+T","Open","Phase A","TS-PAYLOAD-EO","RSK-TEC-012","high","Test flight Pentema mostra GSD reale >0.7m @ 500m AGL → re-spec payload"
"SyR-F-002","Sistema [6A] esegue missioni BVLOS con autorizzazione SORA SAIL ≤III secondo Reg.UE 2019/947 art.11 + AMC/GM Am.3","Coverage operativa Pentema senza restrizioni VLOS","StNeed-011,StNeed-012","SyR","StNeed-011,StNeed-012","aviation-regulatory-counsel","H","I","Open","Pre-A","-","RSK-REG-002","medium","ENAC pre-application nega SAIL II-III → re-design ConOps"
"SyR-F-003","Sistema [6A] rileva hotspot termici ≥40°C in area boschiva + invia alert + thumbnail a GS entro 5 min","Tempestività antincendio + FAR <5%","StNeed-002","SyR","StNeed-002","aerospace-SE","H","D+T","Open","Phase A","TS-PAYLOAD-EO","RSK-OPS-002","medium","Demo scenario fuoco-pilota mostra latency >8 min o FAR >10% → re-design"
"SyR-F-004","Sistema [6A] fornisce connettività LTE locale (banda licenziata/ISM) raggio ≥5 km durante emergenze","Resilienza connettività StNeed-003","StNeed-003","SyR","StNeed-003","telecom-ntn-payload-expert","M","T","Open","Phase A","-","RSK-REG-005","low","AGCOM rifiuta licensing → declass UC-003 a opportunistico"
"SyR-F-005","Sistema [6B] esegue missioni HAPS persistenti quota 18-21 km, endurance ≥30 giorni continuativi (stagione estiva Y3)","Boundary B2 + visione strategica 6B","StNeed-017,StNeed-023","SyR","StNeed-017,StNeed-023","propulsion-energy-engineer","H","A+T","Open","Phase B","TS-PROP-6B","RSK-TEC-001","low","Energy balance simulation worst-case mostra <0% margine → seasonal-only fallback"
"SyR-F-006","Sistema [6A] supporta SAR persone disperse con osservazione aerea persistente >2h + payload IR","Supporto StNeed-004","StNeed-004","SyR","StNeed-004","aerospace-SE","M","D","Open","Phase A","-","-","medium","Field test SAR scenario VVF mostra payload IR insufficiente notturno → re-spec"
"SyR-F-007","Sistema [6A] produce ortomosaici multispettrali NDVI/NDRE per cooperative agricole, GSD ≤8cm @ 500m AGL, frequenza quindicinale","Soddisfare StNeed-006","StNeed-006","SyR","StNeed-006","earth-observation-expert","M","A+T","Open","Phase A","TS-PAYLOAD-EO","-","low","Cooperative agricole pricing reale €5-50k/anno < CapEx allocato → UC-005 non scalabile"
"SyR-F-008","Sistema [6A] produce mappe topografiche territorio coop con accuratezza posizionale ≤2m, frequenza annuale","Soddisfare StNeed-005","StNeed-005","SyR","StNeed-005","earth-observation-expert","M","T","Open","Phase A","-","-","medium","Accuratezza misurata >3m in test → revisione GNSS/IMU integration"
"SyR-F-009","Sistema [6A+6B] supporta vigilanza ambientale Enti Parco con missioni stagionali multi-payload","Soddisfare StNeed-027","StNeed-027","SyR","StNeed-027","earth-observation-expert","M","D","Open","Phase A","-","-","low-medium","Enti Parco non sottoscrivono LoI → UC-007 declass"
"SyR-F-010","Sistema [6B Y6+] eroga capacity NTN gNodeB 5G Rel-17/18 con cella ≥10 km diameter, multi-beam (8-32)","Boundary B2 + visione 10 anni Y6+","StNeed-007,StNeed-017","SyR","StNeed-007,StNeed-017","telecom-ntn-payload-expert","M","A+T","Open","Phase B+","TS-COMMS","-","low","AGCOM non apre licensing HAPS entro WRC-27 → payload telecom rinviato"
"SyR-P-001","[6A] Autonomia operativa ≥4h volo operativo in condizioni nominali (T -5/+25°C, vento ≤10 m/s, payload pieno)","Coverage missioni tipiche StNeed-001/002/010","StNeed-001,StNeed-002,StNeed-010","SyR","StNeed-001,StNeed-002,StNeed-010","vtol-uas-specialist","H","T","Open","Phase A","TS-PLATFORM-6A","-","medium","Test flight Pentema mostra autonomia reale <3h con payload pieno → re-spec platform"
"SyR-P-002","[6A] Velocità di crociera ≥100 km/h ground speed in still air","Efficienza operativa ConOps","ConOps Cap.3.4.1","SyR","ConOps","vtol-uas-specialist","M","T","Open","Phase A","TS-PLATFORM-6A","-","medium","Test flight mostra cruise <80 km/h → revisione missione/copertura area"
"SyR-P-003","[6A] Payload utile ≥4 kg (escluso batterie/struttura aggiuntiva)","Multi-sensor mission (EO+IR+SATCOM)","StNeed-001,StNeed-002,StNeed-003","SyR","Multiple StNeeds","vtol-uas-specialist","H","I+T","Open","Phase A","TS-PLATFORM-6A","-","high","Datasheet vendor confirms payload <3 kg → vendor re-selection"
"SyR-P-004","[6B] L/D crociera @ 20 km ≥25","Energy balance feasibility 6B","SyR-F-005","SyR","SyR-F-005","aero-structures-engineer","H","A+T","Open","Phase B","TS-MATERIAL","RSK-TEC-002","medium","Wind tunnel test subscale mostra L/D <20 → re-design wing planform"
"SyR-P-005","[6B] Energy balance perennial estate (giu-ago, 44°N): margine ≥50%","Feasibility tecnica 6B estate","SyR-F-005","SyR","SyR-F-005","propulsion-energy-engineer","H","A","Open","Phase B","TS-PROP-6B","RSK-TEC-001","medium-low","Simulazione M+10 mostra margine estate <30% → re-design solar/batt sizing"
"SyR-P-006","[6B] Energy balance perennial worst-case (solstizio inverno, 44°N): margine ≥30% O seasonal-only mar-ott","Showstopper RSK-TEC-001","SyR-F-005","SyR","SyR-F-005","propulsion-energy-engineer","H","A","Open","Phase B","TS-PROP-6B","RSK-TEC-001","low","Energy balance simulation 2026 tech mostra margine <0% al 21/12 → seasonal fallback obbligatorio"
"SyR-P-007","[6A] GSD payload RGB ≤8 cm @ 500m AGL nominale","Risoluzione utile per mapping/SAR","StNeed-001,StNeed-005","SyR","StNeed-001,StNeed-005","earth-observation-expert","H","A+T","Open","Phase A","TS-PAYLOAD-EO","-","high","GSD reale misurata >15cm → re-spec sensor RGB"
"SyR-P-008","[6A] GSD payload IR LWIR ≤5m @ 500m AGL termico","Antincendio + SAR thermal detection","StNeed-002,StNeed-004","SyR","StNeed-002,StNeed-004","earth-observation-expert","H","A+T","Open","Phase A","TS-PAYLOAD-EO","-","medium","GSD termico >8m → IR sensor re-selection"
"SyR-P-009","[6A] Range C2 link ≥30 km LoS + SATCOM backup non-LoS","Coverage Pentema + shadow zones","StNeed-001,StNeed-011","SyR","StNeed-001,StNeed-011","avionics-gnc-engineer","H","T","Open","Phase A","TS-COMMS","-","medium","RF range reale <20 km in terreno appenninico → SATCOM primary"
"SyR-P-010","[6A] Downlink dati payload ≥10 Mbps in raggio 25 km LoS","Real-time imagery + alert","StNeed-002,StNeed-001","SyR","Multiple StNeeds","telecom-ntn-payload-expert","M","A+T","Open","Phase A","TS-COMMS","-","medium","Throughput <2 Mbps in rain fade → store-and-forward fallback"
"SyR-P-011","[6A] MTOW ≤55 kg (limite categoria Specific senza requirement aggiuntivi DAL-C completi)","Compliance Reg.UE 2019/947 + sostenibilità SAIL","SyR-F-002","SyR","SyR-F-002","vtol-uas-specialist","H","I","Open","Pre-A","TS-PLATFORM-6A","-","high","MTOW reale piattaforma >60 kg → re-categorization Certified"
"SyR-P-012","[6B] MTOW ≤150 kg (range tipico HALE class subscale)","Sizing 6B + path certification","SyR-F-005","SyR","SyR-F-005","aero-structures-engineer","H","A+T","Open","Phase B","TS-MATERIAL","-","medium","Mass growth >180 kg → re-sizing wing/struttura"
"SyR-O-001","[6A] Disponibilità operativa ≥80% giorni/anno missioni programmate + ≥99% missioni emergenza con preavviso ≥4h","SLA StNeed-010","StNeed-010","SyR","StNeed-010","vtol-uas-specialist","H","D","Open","Phase A","-","RSK-OPS-001","medium","Uptime monitoring Y1 mostra <60% → revisione SLA contratti"
"SyR-O-002","[6A] Tempo reazione emergenza ≤60 min dal call di emergency","StNeed-002/003/004 emergenza","Multiple StNeeds","SyR","Multiple StNeeds","vtol-uas-specialist","H","D","Open","Phase A","-","-","medium","Reaction time medio Y1 >120 min → revisione SOPs + crew rotation"
"SyR-O-003","Sistema opera in condizioni ambientali Pentema: T -10/+30°C, umidità 40-90%, vento ≤17 m/s sustained, pioggia ≤10 mm/24h","Caratterizzazione operativa territoriale","StNeed-010 + caratteristiche territoriali","SyR","StNeed-010","vtol-uas-specialist","H","I+T","Open","Phase A","-","RSK-OPS-001","high","Test ops invernali Pentema mostrano de-icing inadeguato → spec aggiunto"
"SyR-O-004","[6A] Ground turnaround ≤30 min tra missioni consecutive (battery swap + payload check)","Productivity operativa Y2 scale-up","StNeed-010","SyR","StNeed-010","vtol-uas-specialist","M","D","Open","Phase A","-","-","medium","Turnaround reale >60 min → revisione spare batteries + crew training"
"SyR-O-005","[6A] Crew composition: 1 PIC qualificato + 1 observer payload + 1 ground tech, training certificato ENAC","Compliance ENAC + sicurezza StNeed-011 + HR StNeed-026","StNeed-011,StNeed-026 + Reg.APR Ed.3","SyR","StNeed-011,StNeed-026","vtol-uas-specialist","H","I","Open","Pre-A","-","-","high","Mancanza PIC qualificati EU disponibili → recruitment 6-9 mesi + slip"
"SyR-O-006","[6A] Operations Manual completo + SOPs operativi + Emergency Procedures redatti entro G3 (M+10)","Compliance ENAC + readiness operativa","SyR-F-002 + Reg.APR Ed.3","SyR","SyR-F-002","aviation-regulatory-counsel","H","I","Open","Phase A","-","RSK-REG-002","high","Operations Manual rejection ENAC → revisione + slip M+12"
"SyR-O-007","[6B Phase B] Mission ConOps perennial documentato + handover GATB-Liguria + ENAV LoA","Operatività 6B Phase B + StNeed-024","SyR-F-005,StNeed-024","SyR","SyR-F-005,StNeed-024","avionics-gnc-engineer","M","I+D","Open","Phase B","-","RSK-REG-030","low","ENAV LoA non firmato entro M+30 → 6B Phase B blocked"
"SyR-O-008","[6A] Maintenance plan + ricambi 12-mesi stock + supplier qualification documentati","Continuity operativa + supply chain","SyR-F-001 + best practice","SyR","SyR-F-001","vtol-uas-specialist","H","I","Open","Phase A","-","RSK-SUP-001","medium","Spare parts non disponibili → AOG >30 giorni → SLA violation"
"SyR-S-001","Lost-Link behaviour: perdita C2 >60s → Return-to-Base autonomo o atterraggio sicuro in area pre-designata","StNeed-011 + Reg.UE 2019/947 OSO #9","StNeed-011 + Reg.OSO #9","SyR","StNeed-011","avionics-gnc-engineer","H","D+T","Open","Phase A","-","RSK-TEC-007","high","Lost-link test mostra non-conforme OSO #9 SAIL III → mitigation aggiuntiva"
"SyR-S-002","Parachute recovery o equivalente con impact velocity ≤7 m/s in caso di loss of propulsion","StNeed-011 + SORA M2 mitigation","StNeed-011 + SORA M2","SyR","StNeed-011","vtol-uas-specialist","H","T","Open","Phase A","-","-","high","Drop test mostra impact velocity >10 m/s → re-sizing parachute"
"SyR-S-003","Ridondanza N+1 sensori IMU primari + GNSS multi-constellation","SyR-F-002 (SAIL III) + Reg.ENAC art.26 BVLOS","SyR-F-002 + Reg.ENAC art.26","SyR","SyR-F-002","avionics-gnc-engineer","H","I","Open","Phase A","-","-","high","Single IMU failure during BVLOS → loss of vehicle → re-design redundancy"
"SyR-S-004","[6B HALE] Detect-And-Avoid (DAA) cooperativo ADS-B IN durante climb/descent CTR","SyR-F-005 + StNeed-024 + ENAV coordination","SyR-F-005,StNeed-024","SyR","SyR-F-005,StNeed-024","avionics-gnc-engineer","H","I+D","Open","Phase B","-","RSK-REG-030","medium","ENAV richiede DAA non-cooperativo (radar) → re-spec sensors"
"SyR-S-005","Failure rate target <1e-6 per ora di volo per cause catastrophic (cf. AC 23.1309)","Sicurezza target Specific SAIL III","SyR-F-002 + AC 23.1309","SyR","SyR-F-002","avionics-gnc-engineer","H","A","Open","Phase B","-","RSK-TEC-007","low","FTA mostra failure rate >1e-5/h → re-design FCS architecture DAL-C"
"SyR-S-006","Cyber-security C2 link: AES-256 encryption + frequency hopping + crypto authentication","Protezione jamming/spoofing (cf. NIS2)","StNeed-020 + NIS2 + RSK-TEC-005","SyR","StNeed-020","avionics-gnc-engineer","H","I+T","Open","Phase A","-","RSK-TEC-005","medium","Penetration test mostra C2 link vulnerabile → re-design crypto stack"
"SyR-S-007","Geofencing software + hardware-enforced no-fly zones (CTR Genova, aree militari, scuole/ospedali)","Safety + compliance Codice Navigazione art.794","StNeed-011 + Cap.5.16.9","SyR","StNeed-011","avionics-gnc-engineer","H","I+T","Open","Phase A","-","-","high","Drone enters no-fly zone in test → re-design geofence enforcement"
"SyR-S-008","ATEX compliance hangar storage batterie LiS/Li-ion (Cap.5.16.7)","Sicurezza ground + Direttiva ATEX 2014/34","StNeed-009 + ATEX","SyR","StNeed-009","esg-sustainability-officer","H","I","Open","Phase A","-","RSK-REG-022","medium","ASL/VVF ispezione classifica hangar zona 1 ATEX → sospensione fino remediation"
"SyR-E-001","Propulsione: 100% elettrica per 6A + 100% solare/batterie per 6B","StNeed-009 + boundary sostenibilità","StNeed-009","SyR","StNeed-009","esg-sustainability-officer","H","I","Open","Phase A","-","-","high","Vendor offre solo configurazioni ibride benzina/elettrico → non conforme"
"SyR-E-002","Rumore ground sotto rotta tipica (200m AGL cruise): ≤65 dB(A) misurato a 100m laterali","StNeed-009 + Reg.UE 2019/945 acoustic + ISO 3744","StNeed-009","SyR","StNeed-009","esg-sustainability-officer","H","T","Open","Phase A","-","-","medium","Misurazione mostra >70 dB(A) → re-design rotor/profilo"
"SyR-E-003","Materiali strutturali: ≥20% in massa con materiali low-impact (compositi fibre naturali, riciclati)","StNeed-009 + narrativa ESG","StNeed-009","SyR","StNeed-009","esg-sustainability-officer","M","I","Open","Phase B","TS-MATERIAL","-","medium","BoM analysis mostra <10% bio/riciclati → revisione TS-MATERIAL"
"SyR-E-004","Life Cycle Assessment (LCA) preliminare cradle-to-grave entro M+10 (Vol.2 Allegato dedicato)","ESG due diligence + boundary StNeed-009","StNeed-009 + best practice ESG","SyR","StNeed-009","esg-sustainability-officer","M","A","Open","Phase A","-","-","medium","LCA non completato entro M+10 → gap deliverable G3"
"SyR-E-005","End-of-life plan: dismantling + riciclo ≥80% massa entro EOL Y6+","Circular economy + StNeed-009","StNeed-009 + Direttiva 2008/98/CE","SyR","StNeed-009","esg-sustainability-officer","L","I","Open","Phase B","-","-","low","Vendor non garantisce takeback → revisione strategia EOL"
"SyR-C-001","Conformità Reg.UE 2019/947 + 2019/945 + ENAC Reg.APR Ed.3 + Emend.1","Compliance regolatoria UE+IT","StNeed-012 + Cap.5","SyR","StNeed-012","aviation-regulatory-counsel","H","I","Open","Pre-A","-","-","high","Audit ENAC rileva non-conformità → sospensione operativa"
"SyR-C-002","Conformità EASA AMC/GM Issue 1 Amendment 3 (SORA 2.5 europea, sett.2025)","Compliance Specific Category + SORA aggiornata","StNeed-012 + Cap.5.1.4","SyR","StNeed-012","aviation-regulatory-counsel","H","I","Open","Pre-A","-","-","high","SORA application bocciata → revisione + slip M+12"
"SyR-C-003","Conformità GDPR + D.Lgs.196/2003 novellato + DPIA per casi d'uso high-risk","StNeed-014 + Cap.5.6","StNeed-014","SyR","StNeed-014","data-privacy-counsel","H","I","Open","Pre-A","-","RSK-TEC-006,RSK-REG-016","high","DPIA bocciata Garante → sospensione UC-001/002/004"
"SyR-C-004","Conformità NIS2 + D.Lgs.138/2024 + ISMS Part-IS (Reg.UE 2023/203) entro M+9","StNeed-020 + Cap.5.7","StNeed-020","SyR","StNeed-020","aviation-regulatory-counsel","H","I+A","Open","Phase A","-","RSK-REG-019,RSK-REG-027","high","ACN audit rileva ISMS gap → operations on hold"
"SyR-C-005","Conformità AS/EN 9100 + ISO 9001 per progettazione/produzione aerospaziale","Bandi pubblici + qualità","Bandi pubblici Cooding/PNRR","SyR","Bandi pubblici","aviation-regulatory-counsel","M","I","Open","Phase B","-","-","medium","Certificazione non ottenuta entro Y2 → perdita bandi Cooding follow-up"
"SyR-C-006","Conformità D.Lgs.36/2023 art.41 + Allegato I.7 per PFTE","Bando Cooding + documentazione","Bando Cooding","SyR","Bando Cooding","snai-funding-expert","H","I","Verified","Pre-A","-","-","high","PFTE non conforme art.41 → bocciatura formale gara"
"SyR-C-007","Conformità AI Act (Reg.UE 2024/1689) art.5+6 per sistemi onboard ML payload","StNeed-014 + Cap.5.16.1 AI Act","StNeed-014,Cap.5.16.1","SyR","StNeed-014","data-privacy-counsel","H","I+A","Open","Phase A","-","RSK-REG-016","high","Garante classifica payload IR onboard come 'alto rischio AI Act' → conformity assessment richiesto"
"SyR-C-008","Conformità AgID/PSN per hosting dati PA (cloud qualificato PSN-listed)","StNeed-020 + Cap.5.16.6","StNeed-020,Cap.5.16.6","SyR","StNeed-020","aviation-regulatory-counsel","H","I","Open","Phase A","-","RSK-REG-021","high","Dati Pentema in cloud non-PSN → contratti PA rifiutati"
"SyR-C-009","Conformità Direttiva Macchine (Reg.UE 2023/1230) per ground equipment + GS + carrelli","Cap.5.16.14 + CE marking","Reg.UE 2023/1230","SyR","Cap.5.16.14","aviation-regulatory-counsel","M","I","Open","Phase B","-","RSK-REG-029","medium","Ente notificato non rilascia CE → ground operations bloccate"
"SyR-C-010","Assicurazione BVLOS minimo 750.000 DSP (~€900k) SAIL III + RC casco + cyber","Cap.5.16.11 + Reg.UE 285/2004","Reg.UE 285/2004 + DM 25/02/2022","SyR","Cap.5.16.11","financial-cfo-analyst","H","I","Open","Phase A","-","RSK-REG-026","medium","Premio assicurativo >€100k/anno → modello finanziariamente non sostenibile"
"SyR-C-011","Conformità ITU-R coordination per banda HAPS (futuro Phase B + WRC-27)","StNeed-013 + Cap.5.5 + StNeed-017","StNeed-013,Cap.5.5","SyR","StNeed-013","telecom-ntn-payload-expert","M","I","Open","Phase B","-","-","low","ITU-R WRC-27 non assegna banda HAPS in IT → Phase B telecom rinviato"
"SyR-C-012","Conformità D.Lgs.231/2001 modello organizzativo + 432-bis CP risk management","Cap.5.16.5 + responsabilità penale","Cap.5.16.5","SyR","Cap.5.16.5","aviation-regulatory-counsel","M","I","Open","Phase A","-","RSK-REG-020","medium","Incidente BVLOS senza modello 231 adeguato → responsabilità amministrativa Firmamento"
"SyR-Cost-001","[6A] CapEx Y1 ≤€1.2M (con riserva contingency 30% su €600-900k baseline)","Sostenibilità budget StNeed-015/016","StNeed-015,StNeed-016 + Cap.8","SyR","StNeed-015,StNeed-016","financial-cfo-analyst","H","A","Open","Phase A","-","RSK-FIN-001","medium","Quotation vendor consolidata >€1.4M → revisione scope o re-funding"
"SyR-Cost-002","[6A] OpEx run-rate Y2 ≤€450k/anno per operazioni","Sostenibilità modello service-only","StNeed-015","SyR","StNeed-015","financial-cfo-analyst","H","A","Open","Phase A","-","-","medium","OpEx Y2 reale >€600k (inclusi 3 FTE regolatori) → revisione pricing"
"SyR-Cost-003","[6A] Revenue Y1 ≥€200k da contratti pluriennali PA + cooperative","Sostenibilità MVP + StNeed-016","StNeed-016","SyR","StNeed-016","financial-cfo-analyst","H","D","Open","Phase A","-","RSK-FIN-003","medium","Revenue Y1 <€100k → revisione drastica MVP scope"
"SyR-Cost-004","Modello servizio ricorrente (DaaS/IaaS/canone) — no vendita asset","StNeed-015 + boundary B1","StNeed-015 + B1","SyR","StNeed-015","business-model-strategist","H","I","Open","Pre-A","-","-","boundary","Firma contratto vendita asset → violazione B1 + NegR-B-001"
"SyR-Cost-005","Funding mix Y1: ≥60% commitment formale entro G3 (M+10)","Sostenibilità funding plan","Cap.8 + Bando Cooding","SyR","Cap.8","financial-cfo-analyst","H","I","Open","Pre-A","-","RSK-FIN-005","medium","Funding <40% commitment al G3 → verdetto Hold con re-planning"
"SyR-Cost-006","Revenue Y2-Y3: customer concentration ≤40% da singolo cliente","StNeed-025 + diversification","StNeed-025","SyR","StNeed-025","business-model-strategist","M","A","Open","Phase A","-","RSK-FIN-004","medium","Y2 revenue >60% da Regione → vulnerabilità anchor + riduzione score"
"SyR-Cost-007","Pricing model validato con ≥1 cliente PA (LoI + soglia pricing realistica)","Cap.7.4.4.1 + falsifying observation pricing","Cap.7 + StNeed-016","SyR","Cap.7","business-model-strategist","H","D","Open","Phase A","-","RSK-MKT-001","medium","Cluster D opera servizi EO regionali a €30-60k/anno → pricing baseline €150k non raggiungibile"
"SyR-Cost-008","Break-even point Y3-Y4 con NPV>0 @ WACC 12% scenario base","Sostenibilità finanziaria multi-anno","Cap.8","SyR","Cap.8","financial-cfo-analyst","H","A","Open","Phase A","-","-","medium","Sensitivity worst-case NPV<0 → revisione business model"
"SyR-Cost-009","Insurance OpEx Y1 ≤€50k/anno (BVLOS RC+casco baseline)","Sostenibilità OpEx Cap.5.16.11","Cap.5.16.11","SyR","Cap.5.16.11","financial-cfo-analyst","M","A","Open","Phase A","-","RSK-REG-026","low","Premio reale >€100k → modello non sostenibile + revisione SAIL"
"SyR-Cost-010","[6B] R&D budget Y3-Y5 €5.5-13.5M con multi-source funding (EDF+Horizon+PNRR+equity)","Sostenibilità Phase B 6B","StNeed-017,StNeed-023 + Cap.8","SyR","StNeed-017,StNeed-023","financial-cfo-analyst","H","A","Open","Phase B","-","RSK-FIN-006","low","Funding commitment <50% al G5 → Phase B deferred"
"SsR-AERO-001","[6B] Wing aspect ratio (AR) ≥25 per minimizzare resistenza indotta","L/D target SyR-P-004","SyR-P-004","SsR","SyR-P-004","aero-structures-engineer","H","A","Open","Phase B","TS-MATERIAL","RSK-TEC-002","high","Wind tunnel AR=25 mostra flutter critico → re-design AR=20"
"SsR-AERO-002","[6B] Layup composito longherone alare: CFRP standard cap moduli alti (HM); lino solo strutture secondarie","Trade study TS-MATERIAL + safety strutturale","SyR-E-003 + SyR-P-004","SsR","SyR-E-003,SyR-P-004","aero-structures-engineer","H","I+T","Open","Phase B","TS-MATERIAL","-","high","Uso lino in longherone primario richiederebbe qualification path 5-10 anni → fuori scope"
"SsR-AERO-003","[6B] Wing span 25-30m con dihedral 3-5° per stabilità laterale stratosferica","Sizing 6B + stabilità","SyR-P-004,SyR-P-012","SsR","SyR-P-004,SyR-P-012","aero-structures-engineer","H","A","Open","Phase B","-","RSK-TEC-002","medium","CFD mostra instabilità laterale stratosferica → re-design dihedral"
"SsR-AERO-004","[6B] Cl_max ≥1.4 alare per low-speed cruise stratosferico","Energy balance + cruise stability","SyR-P-004","SsR","SyR-P-004","aero-structures-engineer","H","A+T","Open","Phase B","-","-","medium","Cl_max misurato <1.2 → re-spec profilo alare"
"SsR-AERO-005","[6B] Margine flutter ≥30% velocità di crociera in tutto envelope quota","Aeroelasticità + RSK-TEC-002","SyR-P-004 + AC 25.629","SsR","SyR-P-004","aero-structures-engineer","H","A+T","Open","Phase B","TS-MATERIAL","RSK-TEC-002","low","Aeroelastic analysis mostra flutter <20% margin → re-design layup/AR"
"SsR-AERO-006","[6A] Configurazione VTOL ibrido fixed-wing, transizione hover-cruise <30s","ConOps 6A + JOUAV CW-30E baseline","SyR-F-001,SyR-P-001","SsR","SyR-F-001","vtol-uas-specialist","H","I+T","Open","Phase A","TS-PLATFORM-6A","-","high","Transizione reale >60s → revisione missione operativa"
"SsR-AERO-007","[6A] MTOW 38 kg + payload max 8 kg conforme vendor JOUAV CW-30E datasheet","TS-PLATFORM-6A baseline","SyR-P-003,SyR-P-011","SsR","SyR-P-003,SyR-P-011","vtol-uas-specialist","H","I","Open","Phase A","TS-PLATFORM-6A","-","high","Vendor datasheet revised o MTOW reale >50 kg → re-selection"
"SsR-AERO-008","[6A] Resistenza vento di traverso ≥8 m/s in landing/takeoff","Operatività Pentema condizioni meteo","SyR-O-003","SsR","SyR-O-003","vtol-uas-specialist","H","T","Open","Phase A","-","-","medium","Test mostra crosswind capability <5 m/s → revisione finestre operative"
"SsR-AERO-009","[6B] Materiale skin solar panel-friendly (flessibilità + integrazione pannelli flessibili)","Integrazione solare 6B","SsR-PROP-002","SsR","SsR-PROP-002","aero-structures-engineer","M","A+T","Open","Phase B","TS-MATERIAL","-","medium","Pannelli rigidi non integrabili in skin curvo → re-design wing surface"
"SsR-AERO-010","[6B] Coda T-tail con stabilizzatore orizzontale altezza ≥1.5m da fusoliera","Aerodinamica + concept Firmamento HALE","Concept HALE Firmamento","SsR","SyR-F-005","aero-structures-engineer","M","A","Open","Phase B","-","-","medium","CFD mostra interferenza wake → re-design tail"
"SsR-AERO-011","[6B] Carrello atterraggio retraibile o fixed lightweight con energy absorption","Atterraggio sicuro + mass budget","SyR-P-012 + ground ops","SsR","SyR-P-012","aero-structures-engineer","M","A+T","Open","Phase B","-","-","medium","Mass carrello >5% MTOW → re-design"
"SsR-AERO-012","[6A] Materiali compositi CFRP standard + 20% bio-composito secondario (lino in non-primary)","TS-MATERIAL + SyR-E-003","SyR-E-003","SsR","SyR-E-003","aero-structures-engineer","M","I","Open","Phase B","TS-MATERIAL","-","medium","BoM analysis mostra <10% bio-composito → revisione spec"
"SsR-AERO-013","[6B] Test in galleria del vento subscale (1:5 o 1:10) entro M+30 per validazione aeroelastica","Validation RSK-TEC-002 + readiness gate G6","SsR-AERO-005 + RSK-TEC-002","SsR","SsR-AERO-005","aero-structures-engineer","H","T","Open","Phase B","-","RSK-TEC-002","low","Wind tunnel slot non disponibile entro M+30 → schedule slip G6"
"SsR-AERO-014","[6A] Vita strutturale ≥1000 ore di volo + 500 cicli VTOL transizione","Durability + OpEx maintenance","SyR-O-008 + best practice UAS","SsR","SyR-O-008","aero-structures-engineer","M","A+T","Open","Phase A","-","-","medium","Fatigue test mostra fatigue life <500h → revisione spec materiale"
"SsR-AERO-015","[6B] Margine carico statico (limit load × 1.5) verificato per envelope completo","Strutturale + AC 23.337","SsR-AERO-005","SsR","SsR-AERO-005","aero-structures-engineer","H","A+T","Open","Phase B","-","-","medium","Static load test mostra margine <1.3 → re-design"
"SsR-AERO-016","[6A+6B] Tolleranza danno (damage tolerance) per impact bird-strike + grandinata","Sicurezza + AC 25.571","Best practice aviation","SsR","SyR-S-001","aero-structures-engineer","M","A+T","Open","Phase B","-","-","low","Impact test mostra penetrazione bird-strike → re-design leading edge"
"SsR-PROP-001","[6A] Powertrain ibrido VTOL+cruise commerciale TRL ≥8 (vendor: JOUAV/Quantum/FlyingBasket)","Sourcing commerciale + TS-PLATFORM-6A","SyR-F-001","SsR","SyR-F-001","propulsion-energy-engineer","H","I","Open","Phase A","TS-PLATFORM-6A","-","medium","Vendor non garantisce TRL 8 standardized → re-spec"
"SsR-PROP-002","[6B] Pannelli solari multi-junction GaAs efficienza η ≥30% (worst case after 1y stratospheric degradation)","Energy balance + SyR-P-005/006","SyR-P-005,SyR-P-006","SsR","SyR-P-005,SyR-P-006","propulsion-energy-engineer","H","A+T","Open","Phase B","TS-PROP-6B","RSK-TEC-001","medium","Degradation reale >5%/anno → re-sizing solar area"
"SsR-PROP-003","[6B] Batterie Li-S o Solid-State Li, densità energetica pack ≥350 Wh/kg (TRL ≥5 nel 2027-28 target)","Energy balance worst case + RSK-TEC-001","SyR-P-006","SsR","SyR-P-006","propulsion-energy-engineer","H","I+T","Open","Phase B","TS-PROP-6B","RSK-TEC-001","low","Mercato 2027 non offre batterie >300 Wh/kg pack → seasonal-only mandatory"
"SsR-PROP-004","[6A] Batterie LiPo/Li-ion commerciali ≥250 Wh/kg pack, certificate UN38.3 + airworthiness","Autonomia 6A SyR-P-001","SyR-P-001","SsR","SyR-P-001","propulsion-energy-engineer","H","I+T","Open","Phase A","-","-","high","Cell vendor cambia chimica con effect su autonomia → re-baseline"
"SsR-PROP-005","[6B] Solar area effettiva ≥45 m² (su wing area ~50 m²)","Energy collection budget","SyR-P-005 + SsR-PROP-002","SsR","SyR-P-005","propulsion-energy-engineer","H","A","Open","Phase B","TS-PROP-6B","-","medium","Wing surface curvature riduce solar area effective <40 m² → re-sizing"
"SsR-PROP-006","[6A] Carica batterie ground: charger ≥3 kW + tempo carica ≤90 min per 50→100%","Turnaround SyR-O-004","SyR-O-004","SsR","SyR-O-004","propulsion-energy-engineer","M","I+T","Open","Phase A","-","-","high","Charger reale 1.5 kW → tempo carica >180 min → revisione spare batt"
"SsR-PROP-007","[6B] Motori brushless DC efficienza η ≥92% in cruise stratosferico","Power budget HALE","SyR-P-005,SyR-P-006","SsR","Multiple SyR-P","propulsion-energy-engineer","H","A+T","Open","Phase B","TS-PROP-6B","-","medium","Motor efficiency <88% in test → re-spec motor"
"SsR-PROP-008","[6B] BMS (Battery Management System) con balancing + thermal control + cycle-life monitoring","Sicurezza batterie + cycle life","SsR-PROP-003 + ATEX","SsR","SsR-PROP-003","propulsion-energy-engineer","H","I+T","Open","Phase B","-","RSK-REG-022","medium","BMS non rileva thermal runaway iniziale → incidente hangar"
"SsR-PROP-009","[6A] Sistema propulsione modulare swap-able motors per maintenance/turnaround","OpEx maintenance + turnaround","SyR-O-004,SyR-O-008","SsR","SyR-O-008","propulsion-energy-engineer","M","I","Open","Phase A","-","-","medium","Motor swap non possibile field → revisione MRO process"
"SsR-PROP-010","[6B] Power management distribution con voltage bus 270 VDC + secondary 28 VDC per avionica","Architettura elettrica HALE","SsR-PROP-003 + SsR-AVI-001","SsR","SsR-PROP-003","propulsion-energy-engineer","M","I+A","Open","Phase B","-","-","medium","Voltage bus conflitto con commercial COTS avionica → re-design"
"SsR-PROP-011","[6A] Backup battery emergency ≥10 min autonomia per RTL/safe landing in caso loss main power","Sicurezza SyR-S-001/002","SyR-S-001,SyR-S-002","SsR","SyR-S-001,SyR-S-002","propulsion-energy-engineer","H","I+T","Open","Phase A","-","-","high","Backup batt non garantisce 10 min → re-sizing"
"SsR-PROP-012","[6B] Test cella batterie LiS in camera climatica stratosferica entro M+30 (TRL 5)","Validation RSK-TEC-001 + gate G6","SsR-PROP-003 + RSK-TEC-001","SsR","SsR-PROP-003","propulsion-energy-engineer","H","T","Open","Phase B","-","RSK-TEC-001","low","Test camera climatica non disponibile → schedule slip TRL maturation"
"SsR-PROP-013","[6A] Hybrid fuel option (kerosene) escluso per compliance StNeed-009 + boundary ESG","SyR-E-001 100% elettrica","SyR-E-001","SsR","SyR-E-001","propulsion-energy-engineer","H","I","Verified","Pre-A","-","-","boundary","Vendor offre solo hybrid kerosene → vendor re-selection (no fuel option ammessa)"
"SsR-AVI-001","[6A] Autopilota TRL ≥8 con DAL-C minimo per FCS (MicroPilot/UAVOS/Pixhawk Cube modificato)","SAIL III + Reg.ENAC art.26","SyR-F-002 + Reg.ENAC art.26","SsR","SyR-F-002","avionics-gnc-engineer","H","I","Open","Phase A","TS-AVI-6A","-","medium","Vendor non garantisce DAL-C certification → re-spec autopilot custom"
"SsR-AVI-002","[6A] C2 link primary RF 2.4/5.8 GHz + secondary SATCOM Iridium Certus per shadow zones Pentema","SyR-S-001 Lost-Link + SyR-P-009","SyR-S-001,SyR-P-009","SsR","SyR-S-001,SyR-P-009","avionics-gnc-engineer","H","T","Open","Phase A","TS-COMMS","-","medium","RF range Pentema <15 km terreno appenninico → SATCOM primary fallback"
"SsR-AVI-003","[6A+6B] GNSS dual-frequency multi-constellation (GPS L1/L5+Galileo E1/E5a+GLONASS) con anti-spoofing software","SyR-S-003 sensor redundancy + StNeed-013","SyR-S-003","SsR","SyR-S-003","avionics-gnc-engineer","H","I","Open","Phase A","-","-","high","GNSS spoofing attack non rilevato → re-design anti-spoofing crypto-based"
"SsR-AVI-004","[6B HALE] FCS DAL-C completo + ridondanza triple-channel su axe critici","SyR-S-005 + Type Certification Phase B","SyR-S-005,SyR-F-005","SsR","SyR-S-005","avionics-gnc-engineer","H","I+T","Open","Phase B","-","RSK-TEC-003","low","FCS DAL-C certification path >3 anni → revisione timeline Phase B"
"SsR-AVI-005","[6A] IMU primary Tactical-Grade (gyro bias stability <1°/h) + IMU secondary commercial","SyR-S-003 ridondanza","SyR-S-003","SsR","SyR-S-003","avionics-gnc-engineer","H","I+T","Open","Phase A","-","-","high","Tactical IMU >€20k unit → re-spec MEMS high-end con calibration"
"SsR-AVI-006","[6A] Airdata sensor (pitot+altimeter) ridondato N+1 con cross-check","Safety + envelope protection","SyR-S-003,SyR-O-003","SsR","SyR-S-003","avionics-gnc-engineer","H","I+T","Open","Phase A","-","-","high","Pitot icing in test invernale → re-design heating"
"SsR-AVI-007","[6A] Flight Termination System (FTS) attivabile da GS + autonomous trigger su geofence breach","Safety SyR-S-007","SyR-S-007 + SORA M2","SsR","SyR-S-007","avionics-gnc-engineer","H","T","Open","Phase A","-","-","high","FTS test non termina volo entro 5s → re-design"
"SsR-AVI-008","[6A] Lost-Link Profile programmato: 60s RTL → 5min loiter → 10min auto-land","SyR-S-001 + OSO #9","SyR-S-001","SsR","SyR-S-001","avionics-gnc-engineer","H","D+T","Open","Phase A","-","RSK-TEC-007","high","Lost-link demo non rispetta profile temporale → revisione FCS logic"
"SsR-AVI-009","[6B] DAA ADS-B IN + traffic display + alert pilot remoto","SyR-S-004 + StNeed-024","SyR-S-004","SsR","SyR-S-004","avionics-gnc-engineer","H","I+D","Open","Phase B","-","RSK-REG-030","medium","ENAV richiede DAA non-cooperativo (radar) → re-spec sensors"
"SsR-AVI-010","[6A] Encrypted C2 link AES-256 + frequency hopping + crypto authentication","SyR-S-006 cybersecurity","SyR-S-006","SsR","SyR-S-006","avionics-gnc-engineer","H","I+T","Open","Phase A","-","RSK-TEC-005","medium","Penetration test SaaS C2 mostra crypto debole → re-spec"
"SsR-AVI-011","[6A] OBC (On-Board Computer) per payload management + edge processing IR/RGB","Edge processing + alert payload","SyR-F-003 + SsR-PAY-002","SsR","SyR-F-003","avionics-gnc-engineer","M","I+T","Open","Phase A","-","-","medium","OBC compute insufficiente → cloud offload (impatta latency)"
"SsR-AVI-012","[6A] Mission planner software (open-source MAVProxy/QGC fork o custom)","Operatività + StNeed-005/006 mission tasking","Multiple StNeeds operativi","SsR","SyR-O-001","avionics-gnc-engineer","M","I+D","Open","Phase A","-","-","high","Mission planner UI non usabile da PA operator → re-design UX"
"SsR-AVI-013","[6A+6B] Logging & Black Box: registratore dati volo 100% sortita + 30 giorni storage","Safety + post-incident analysis + ENAC compliance","SyR-S-001 + Reg.ENAC","SsR","SyR-S-001","avionics-gnc-engineer","H","I","Open","Phase A","-","-","high","Black Box capacity <30 days → revisione storage"
"SsR-AVI-014","[6B] Software flight control firmware compliant DO-178C DAL-C + verification path","Phase B + RSK-TEC-003","SsR-AVI-004 + DO-178C","SsR","SsR-AVI-004","avionics-gnc-engineer","H","I+A","Open","Phase B","-","RSK-TEC-003","low","DO-178C DAL-C verification effort >18 mesi/3 FTE → schedule slip"
"SsR-AVI-015","[6A] Health monitoring (HUMS) onboard + GS dashboard real-time anomaly","Maintenance predittiva + safety","SyR-O-008 + SyR-S-001","SsR","SyR-O-008","avionics-gnc-engineer","M","D","Open","Phase A","-","-","medium","HUMS non rileva anomalie note → revisione thresholds"
"SsR-AVI-016","[6A] Avionica No-DJI / No-CN per applicazioni PA (compliance NIS2 + Golden Power)","NegR-Tech-002 + StNeed-020","NegR-Tech-002,StNeed-020","SsR","StNeed-020","avionics-gnc-engineer","H","I","Open","Pre-A","-","RSK-SUP-001","medium","Vendor JOUAV bannato EU → vendor switch EU obbligatorio"
"SsR-AVI-017","[6B] Software updateable in-flight (OTA) con secure boot + signed firmware","Cybersecurity + maintenance Phase B","SyR-C-004 + SyR-S-006","SsR","SyR-S-006","avionics-gnc-engineer","M","I+T","Open","Phase B","-","-","low","OTA test mostra vulnerability → re-design crypto chain"
"SsR-PAY-001","[6A] Sensore RGB high-res Phase One iXM 100 o equivalente, GSD ≤8cm @ 500m AGL","SyR-F-001 + SyR-P-007","SyR-F-001,SyR-P-007","SsR","SyR-F-001,SyR-P-007","earth-observation-expert","H","I+T","Open","Phase A","TS-PAYLOAD-EO","-","medium","GSD reale >15cm in test fly-and-measure → re-spec sensor"
"SsR-PAY-002","[6A] Sensore IR LWIR (8-14 µm) NEdT ≤50 mK, GSD termico ≤5m @ 500m AGL","SyR-F-003 antincendio + SyR-P-008","SyR-F-003,SyR-P-008","SsR","SyR-F-003,SyR-P-008","earth-observation-expert","H","I+T","Open","Phase A","TS-PAYLOAD-EO","RSK-OPS-002","medium","NEdT reale >80 mK → re-spec IR sensor"
"SsR-PAY-003","[6A] LTE eNodeB tattico (Athonet/Druid), potenza ≤50 W RF, banda licenziata o ISM emergenza","SyR-F-004 + AGCOM compliance","SyR-F-004","SsR","SyR-F-004","telecom-ntn-payload-expert","M","T","Open","Phase A","-","RSK-REG-005","low","AGCOM nega licensing → eNodeB removed → UC-003 declass"
"SsR-PAY-004","[6B] gNodeB 5G NR-NTN Rel-17/18 con beamforming digitale, 8-32 beams, banda S-band o 700 MHz","SyR-F-010 + Cap.5.5.3 + StNeed-007","SyR-F-010,Cap.5.5.3","SsR","SyR-F-010","telecom-ntn-payload-expert","M","A+T","Open","Phase B","TS-COMMS","-","low","WRC-27 non assegna banda HAPS IT → payload telecom Phase B rinviato"
"SsR-PAY-005","[6A] Payload gimbal stabilizzato 3-asse con motion compensation per imagery senza blur","Quality imagery + GSD constancy","SyR-P-007,SyR-P-008","SsR","Multiple SyR-P","earth-observation-expert","H","T","Open","Phase A","-","-","high","Motion blur in test cruise speed → re-spec gimbal"
"SsR-PAY-006","[6A] Sensore multispettrale NDVI/NDRE (4-band: RGN+NIR) per UC-005 cooperative agricole","SyR-F-007 + StNeed-006","SyR-F-007","SsR","SyR-F-007","earth-observation-expert","M","I+T","Open","Phase A","TS-PAYLOAD-EO","-","low","UC-005 pricing non scalabile → multispettrale opzionale Y2"
"SsR-PAY-007","[6A] Edge ML pipeline IR per hotspot detection + auto-anonimizzazione (no biometric)","SyR-F-003 + SyR-C-003 + SyR-C-007 AI Act","SyR-F-003,SyR-C-003,SyR-C-007","SsR","SyR-F-003,SyR-C-007","earth-observation-expert","H","D+T","Open","Phase A","-","RSK-REG-016","medium","Pipeline ML rileva volti senza anonimizzazione → violazione AI Act"
"SsR-PAY-008","[6A] Storage onboard ≥1 TB SSD aerospace-grade per intera sortie 8h","Data capture intera missione","SsR-PAY-001 + SyR-P-001","SsR","SyR-P-001","earth-observation-expert","M","I","Open","Phase A","-","-","high","Storage <500 GB → store-and-forward limited a 4h"
"SsR-PAY-009","[6A+6B] Modular ICD payload (electrical+mechanical+data) per swap rapido EO/IR/telecom","Modularità + ConOps multi-mission","IR-PAY-001 + SyR-F-001","SsR","SyR-F-001","earth-observation-expert","H","I","Open","Phase A","-","RSK-TEC-004","medium","ICD non-standard tra vendors → integrazione 30-min non possibile"
"SsR-PAY-010","[6A] LiDAR airborne TerraSAR opzionale per UC-001 frane + UC-004 mapping infrastrutture","Opzionale Y2 + persistence frane","SyR-F-001,SyR-F-008 + UC-001/004","SsR","SyR-F-001","earth-observation-expert","M","I+T","Open","Phase A+","TS-PAYLOAD-EO","-","medium","LiDAR cost >€80k unit → opzionale Y2 only"
"SsR-PAY-011","[6B] Payload EO multispettrale large-area continental scanning (swath ≥50 km @ 20 km altitude)","Persistent monitoring Liguria/IT Phase B+","SyR-F-005 + visione 10 anni","SsR","SyR-F-005","earth-observation-expert","M","A+T","Open","Phase B+","-","-","low","Swath reale <30 km → multiple passes per day required"
"SsR-PAY-012","[6A] Payload tracking + telemetry beacon Iridium per recovery in caso crash","Recovery + safety","SyR-S-002 + best practice","SsR","SyR-S-002","earth-observation-expert","M","I+T","Open","Phase A","-","-","high","Beacon non si attiva post-crash test → re-spec hardware"
"SsR-PAY-013","[6A] No-onboard biometric ML compliant NegR-Reg-002 + AI Act","NegR-Reg-002 + SyR-C-007","NegR-Reg-002,SyR-C-007","SsR","SyR-C-007","earth-observation-expert","H","I","Active","Phase A","-","RSK-REG-016","high","Pipeline ML onboard identification individuale >1:N → violazione AI Act"
"SsR-COMMS-001","Link budget service link 2.6 GHz @ 25 km slant range: SNR ≥11 dB con disponibilità 99.5% (rain fade ITU-R P.618-14 zona K)","SyR-F-001 + skill link-budget-calculator","SyR-F-001","SsR","SyR-F-001","telecom-ntn-payload-expert","H","A","Open","Phase A","-","-","high","Link budget rivisto mostra disponibilità <99% in rain fade reale → re-design RF chain"
"SsR-COMMS-002","Downlink dati 10 Mbps + thumbnail in ≤30s per alert hotspot (SyR-F-003)","SyR-F-003 antincendio latency","SyR-F-003","SsR","SyR-F-003","telecom-ntn-payload-expert","H","A+T","Open","Phase A","-","-","medium","Latency real-world >60s → revisione RF/SATCOM mix"
"SsR-COMMS-003","Uplink C2 ≤5 Mbps con latency <500ms per remote piloting","Remote piloting + SyR-S-001","SyR-S-001 + best practice","SsR","SyR-S-001","telecom-ntn-payload-expert","H","T","Open","Phase A","-","-","high","Latency real-world >1s → revisione modulation/coding"
"SsR-COMMS-004","SATCOM Iridium Certus secondary backup C2 + low-bandwidth downlink thumbnails","Backup C2 in shadow zones Pentema","SsR-AVI-002","SsR","SsR-AVI-002","telecom-ntn-payload-expert","H","T","Open","Phase A","-","-","high","Iridium throughput <100 kbps → re-spec satellite link"
"SsR-COMMS-005","[6B] Feeder link 6B HALE-to-gateway Ka-band ≥100 Mbps con beamforming adattivo","Phase B telecom backhaul","SyR-F-010","SsR","SyR-F-010","telecom-ntn-payload-expert","M","A+T","Open","Phase B+","TS-COMMS","-","low","Ka-band rain fade Liguria estate → re-spec diversity"
"SsR-COMMS-006","Crypto stack AES-256 + DTLS over UDP + perfect forward secrecy","SyR-C-004 NIS2 + SyR-S-006","SyR-C-004,SyR-S-006","SsR","SyR-S-006","telecom-ntn-payload-expert","H","I+T","Open","Phase A","-","RSK-TEC-005","medium","Crypto audit rileva vulnerability → re-design"
"SsR-COMMS-007","Frequency coordination AGCOM + ENAC per banda C2 + payload telecom","StNeed-013 + Cap.5.5","StNeed-013","SsR","StNeed-013","telecom-ntn-payload-expert","H","I","Open","Pre-A","-","RSK-REG-005","high","AGCOM rifiuta banda → re-design RF chain"
"SsR-COMMS-008","Store-and-forward fallback in caso link assente (>5 min)","Resilience link drop + SyR-S-001","SyR-S-001 + best practice","SsR","SyR-S-001","telecom-ntn-payload-expert","M","T","Open","Phase A","-","-","high","Store-and-forward mostra data loss in test → re-design buffer"
"SsR-COMMS-009","Antenne C2 + payload mounted con coverage 360° omnidirectional (low gain) + 1 directional high-gain","Coverage all-attitude + range","SsR-COMMS-001,SsR-AVI-002","SsR","SsR-COMMS-001","telecom-ntn-payload-expert","H","T","Open","Phase A","-","-","medium","Coverage shadow >10% sortie → re-spec antenna pattern"
"SsR-COMMS-010","ITU-R coordination per WRC-27 banda HAPS (preparatory engagement)","StNeed-013 + Cap.5.5.3 + SyR-C-011","StNeed-013,SyR-C-011","SsR","StNeed-013","telecom-ntn-payload-expert","M","I","Open","Phase B","-","-","low","WRC-27 non assegna banda HAPS → Phase B telecom rinviato"
"SsR-COMMS-011","[6A+6B] No-CN crypto/RF components compliance NegR-Tech-002 + Golden Power","NegR-Tech-002 + sovranità","NegR-Tech-002","SsR","StNeed-020","telecom-ntn-payload-expert","H","I","Active","Pre-A","-","RSK-SUP-001","medium","Vendor CN bannato → re-source EU/US"
"SsR-GS-001","Ground Station fissa Pentema: coperatura visiva sito operazione + connettività backup (4G/SATCOM); support PIC + payload operator","SyR-O-001/002 + StNeed-018","SyR-O-001,SyR-O-002,StNeed-018","SsR","SyR-O-001","aerospace-SE","H","I+D","Open","Phase A","-","-","high","Site Pentema non offre line-of-sight + connectivity → relocate GS"
"SsR-GS-002","Cloud/data hosting Italia/EU (Aruba/OVH/PSN-listed), GDPR+NIS2 compliant, no cloud US/CN default","SyR-C-003/004/008 + NegR-Geo-001 + NegR-Tech-003","Multiple SyR-C + NegR","SsR","SyR-C-008","data-privacy-counsel","H","I","Open","Phase A","-","RSK-REG-021","high","Imagery EO in cloud US senza DPIA → violazione GDPR + NIS2"
"SsR-GS-003","Pipeline processing imagery: anonimizzazione automatica edge-level (blur volti/targhe), GIS-ready output entro 24h (non-emergenza) o 30 min (emergenza)","SyR-C-003 GDPR + StNeed-008 + SyR-C-007 AI Act","SyR-C-003,StNeed-008,SyR-C-007","SsR","SyR-C-003,SyR-C-007","data-privacy-counsel","H","D","Open","Phase A","-","RSK-TEC-006","medium","Anonimizzazione fallisce su >5% immagini → DPIA bocciata"
"SsR-GS-004","Ground Station mobile (vehicle-mounted) per operazioni emergenza fuori-base","ConOps emergenza + SyR-O-002","SyR-O-002","SsR","SyR-O-002","aerospace-SE","M","I+D","Open","Phase A","-","-","medium","GS mobile non operativa entro 1h → revisione mobility"
"SsR-GS-005","Console PIC remoto con HMI standard ICAO + display traffic + payload feed real-time","Operatività + safety SyR-S-001","SyR-O-001,SyR-S-001","SsR","SyR-S-001","avionics-gnc-engineer","H","I+D","Open","Phase A","-","-","high","HMI non usabile in scenari stress → re-design UX"
"SsR-GS-006","Mission planning software + integrazione NOTAM + meteo + ENAV airspace","Pre-flight ConOps + StNeed-022/024","ConOps + ENAV","SsR","SyR-O-001","aerospace-SE","M","I+D","Open","Phase A","-","-","medium","ENAV API integration non disponibile → manual workaround"
"SsR-GS-007","Data delivery portal cliente (PA, cooperative) con accesso role-based + audit log + GDPR-compliance","Data delivery + StNeed-001/005/006","Multiple StNeeds + SyR-C-003","SsR","SyR-C-003","data-privacy-counsel","H","I","Open","Phase A","-","RSK-REG-021","high","Audit log non-conforme GDPR Art.30 → revisione architettura"
"SsR-GS-008","Backup mission control offsite (TBD location, ≥50 km da Pentema)","Resilience operativa + safety","SyR-O-001 + best practice","SsR","SyR-O-001","aerospace-SE","M","I","Open","Phase B","-","-","low","Backup site non identificato → revisione resilience plan"
"SsR-GS-009","[6B] Mission Operations Center 24/7 per HALE perennial (Y3+)","Operatività 6B + StNeed-024","SyR-F-005,StNeed-024","SsR","SyR-F-005","aerospace-SE","M","I+D","Open","Phase B","-","-","low","MOC 24/7 OpEx >€500k/anno → revisione staffing model"
"SsR-GS-010","ISMS Part-IS + ISO 27001 alignment + CISO ownership operational","SyR-C-004 NIS2 + Part-IS + StNeed-020","SyR-C-004,StNeed-020","SsR","SyR-C-004","aviation-regulatory-counsel","H","I+A","Open","Phase A","-","RSK-REG-019,RSK-REG-027","high","ACN audit ISMS gap rilevato → operations on hold"
"SsR-GS-011","Ground Equipment CE marking Direttiva Macchine + sicurezza ATEX hangar","SyR-C-009 + SyR-S-008","SyR-C-009,SyR-S-008","SsR","SyR-C-009","aviation-regulatory-counsel","M","I","Open","Phase B","-","RSK-REG-022,RSK-REG-029","medium","Ente notificato non rilascia CE → ground ops bloccate"
"IR-PAY-001","Interfaccia payload-bus: 1 Gbps Ethernet + 28 VDC ≤80 W + RS-422 backup","Compatibilità payload modulare + ICD swap","SsR-PAY-009 + ICD prelim","IR","SsR-PAY-009","aerospace-SE","H","I+T","Open","Phase A","TS-AVI-6A","RSK-TEC-004","high","Payload vendor non rispetta ICD → integrazione 30-min non possibile"
"IR-PAY-002","Interfaccia meccanica payload: standard MIL-STD-1760 quick-release o equivalente","Modularità + ground turnaround","SyR-O-004,SsR-PAY-009","IR","SsR-PAY-009","aerospace-SE","H","I+T","Open","Phase A","-","-","high","Quick-release non si conforma MIL-STD → re-design mount"
"IR-C2-001","Interfaccia C2 link: protocollo MAVLink v2 + DTLS over UDP + crypto AES-256","Standardizzazione C2 + SyR-S-006","SyR-S-006,SsR-COMMS-006","IR","SsR-COMMS-006","avionics-gnc-engineer","H","I+T","Open","Phase A","-","RSK-TEC-005","high","MAVLink crypto vulnerability → re-design protocol stack"
"IR-GS-001","Interfaccia GS-cloud: REST API + OAuth2 + audit log GDPR-compliant","Data delivery + GDPR Art.30","SyR-C-003,SsR-GS-007","IR","SsR-GS-007","data-privacy-counsel","H","I+T","Open","Phase A","-","RSK-REG-021","high","API audit fails GDPR Art.30 → re-design log"
"IR-GS-002","Interfaccia GS-PA (cliente): SFTP/HTTPS data delivery + portal role-based","Data delivery PA + SyR-C-008 AgID compliance","SsR-GS-007,SyR-C-008","IR","SsR-GS-007","data-privacy-counsel","H","I+D","Open","Phase A","-","RSK-REG-021","medium","PA non accetta SFTP standard → re-design integration"
"IR-PROP-001","Interfaccia powertrain-FCS: CAN bus + RS-485 backup + ECU standard CCITT","Standardizzazione + ridondanza","SsR-PROP-001,SsR-AVI-001","IR","SsR-PROP-001","propulsion-energy-engineer","M","I+T","Open","Phase A","-","-","high","Vendor CAN bus non-standard → re-design ECU"
"IR-PROP-002","Interfaccia batteria-BMS: SMBus + thermal sensors + cycle count storage","Sicurezza batterie + cycle life monitoring","SsR-PROP-008","IR","SsR-PROP-008","propulsion-energy-engineer","H","I+T","Open","Phase A","-","RSK-REG-022","medium","BMS not detecting cycle count → reduced safety"
"IR-AVI-001","Interfaccia IMU-FCS: synchronous serial @ 1 kHz + cross-check N+1 ridondanza","Sicurezza + SyR-S-003","SsR-AVI-005","IR","SsR-AVI-005","avionics-gnc-engineer","H","I+T","Open","Phase A","-","-","high","IMU sync drift >1ms → re-design synchronization"
"IR-AVI-002","Interfaccia GNSS-FCS: NMEA 0183 + binary high-rate (10 Hz) + RAIM monitoring","Sicurezza navigazione + SyR-S-003","SsR-AVI-003","IR","SsR-AVI-003","avionics-gnc-engineer","H","I+T","Open","Phase A","-","-","high","GNSS update rate <5 Hz → re-spec receiver"
"IR-AVI-003","Interfaccia FCS-payload (OBC): time-sync (PTP IEEE 1588) + shared metadata bus","Sincronizzazione metadata + payload control","SsR-AVI-011,SsR-PAY-001","IR","SsR-AVI-011","avionics-gnc-engineer","M","I+T","Open","Phase A","-","-","medium","Time-sync drift >100 ms → re-design PTP"
"IR-COMMS-001","Interfaccia RF antenna-link: SMA/N-type connector + RF coax certified aerospace","Mechanical RF + reliability","SsR-COMMS-009","IR","SsR-COMMS-009","telecom-ntn-payload-expert","M","I","Open","Phase A","-","-","high","Coax loss >2 dB/m → re-spec antenna chain"
"IR-COMMS-002","Interfaccia SATCOM modem-FCS: serial RS-232/Ethernet + Iridium SBD protocol","Backup C2 + SsR-COMMS-004","SsR-COMMS-004","IR","SsR-COMMS-004","telecom-ntn-payload-expert","H","I+T","Open","Phase A","-","-","high","Iridium SBD latency >5s → revisione protocol"
"IR-ENAV-001","Interfaccia U-Space ENAV/D-Flight: standard CIS (Common Information Service) + REST API","ENAV coordination + StNeed-024 + NegR-Reg-003","StNeed-024,NegR-Reg-003","IR","StNeed-024","avionics-gnc-engineer","H","I+D","Open","Phase B","-","RSK-REG-030","low","ENAV API non disponibile → manual workaround coordination"
"IR-PC-001","Interfaccia GS-Protezione Civile: integrazione push alert hotspot + SiNAPS protocol","UC-002 antincendio + emergency response","SyR-F-003 + Protocollo PC","IR","SyR-F-003","telecom-ntn-payload-expert","H","I+D","Open","Phase A","-","RSK-OPS-002","medium","PC SiNAPS protocol non integrabile → custom integration"
"IR-DPM-001","Interfaccia GS-DPO (Data Protection Officer) audit: log accesso + DPIA tracking","GDPR Art.30 + DPIA compliance","SyR-C-003,StNeed-014","IR","SyR-C-003","data-privacy-counsel","H","I","Open","Phase A","-","RSK-TEC-006","high","Log non auditable per DPO → revisione architettura"
"IR-BMS-001","Interfaccia BMS-charger ground: IEC 62196 connector + protocol OCPP per smart charging","Ground operations + StNeed-009 sostenibilità","SsR-PROP-006","IR","SsR-PROP-006","propulsion-energy-engineer","M","I+T","Open","Phase A","-","-","medium","Charger non OCPP-compatible → re-spec ground equipment"
"IR-HUMS-001","Interfaccia HUMS-GS dashboard: SNMP+REST API + real-time anomaly push","Maintenance predittiva + SyR-O-008","SsR-AVI-015","IR","SsR-AVI-015","avionics-gnc-engineer","M","I+D","Open","Phase A","-","-","medium","HUMS not real-time → re-design data path"
"IR-MET-001","Interfaccia mission planner-meteo: API meteo aeronautico (TAF, METAR) + ENAV briefing","Pre-flight ConOps + safety","SsR-GS-006","IR","SsR-GS-006","vtol-uas-specialist","M","I+D","Open","Phase A","-","-","high","Meteo API non disponibile → manual briefing"
"IR-NOTAM-001","Interfaccia mission planner-NOTAM: API ICAO NOTAM + ENAV NOTAM Office","Pre-flight legal + safety","SsR-GS-006","IR","SsR-GS-006","aviation-regulatory-counsel","H","I+D","Open","Phase A","-","-","high","NOTAM API non integrabile → manual workaround"
"IR-INS-001","Interfaccia broker assicurativi: claim portal + flight log automated reporting","OpEx insurance + SyR-C-010","SyR-C-010","IR","SyR-C-010","financial-cfo-analyst","L","I","Open","Phase A","-","RSK-REG-026","low","Insurance portal non disponibile → manual claim"
"IR-COOP-001","Interfaccia data delivery cooperative: dashboard analytics + scheduled report PDF/GeoJSON","UC-005 cooperative + StNeed-005/006","Multiple StNeeds cooperative","IR","StNeed-005","earth-observation-expert","M","I+D","Open","Phase A","-","-","medium","Cooperative user feedback negativo su dashboard → re-design UX"
"IR-CER-001","Interfaccia ENAC SORA application portal: digital submission + tracking","SAIL III submission + SyR-F-002/C-001","SyR-F-002,SyR-C-001","IR","SyR-F-002","aviation-regulatory-counsel","H","I","Open","Pre-A","-","RSK-REG-002","high","ENAC portal richiede formato non supportato → revisione submission"
"NegR-B-001","Sistema NON deve essere venduto come prodotto/asset agli utenti pilota o terzi: HALE/VTOL erogato esclusivamente come servizio ricorrente","Boundary B1 (service-only). Vendita trasformerebbe Firmamento in OEM aeronautico (Part 21J/G, capex >€50M)","Boundary B1 (CLAUDE.md) + StNeed-015 + SyR-Cost-004","NegR","Boundary B1","business-model-strategist","Critical","I (contract clause review)","Active","All phases","-","RSK-FIN-002","boundary","Firma contratto vendita asset (anche prototipale, 1 cliente) → re-baseline business model + revisione B1"
"NegR-B-002","Sistema NON deve essere offerto come servizio retail B2C (vendita diretta consumatori, abbonamenti residenziali, app store)","Boundary B1 + scelta wholesale B2B/B2G via cooperative + PA","Boundary B1 + visione 10 anni","NegR","Boundary B1","business-model-strategist","Medium","I (catalogo + canali commerciali)","Active","All phases","-","-","high","Apertura canale e-commerce o app store con abbonamenti individuali → violazione modello"
"NegR-B-003","Sistema NON deve concorrere head-to-head in scala assoluta con Tier 1 HAPS (Airbus Zephyr, AALTO Sunglider, Aerovironment Sceye)","Asimmetria capitale + maturità. Strategy = nicchie regolatorie IT + nodo italiano consortium EU","Cap.7 §7.4 + Boundary B2","NegR","Boundary B2","sovereign-strategist","High","I (annual positioning audit)","Active","All phases","-","-","high","Lancio bid head-to-head tender internazionale (NATO ISR) senza partner Tier 1 → violazione"
"NegR-Geo-001","Sistema NON deve utilizzare cloud USA (AWS, Azure, GCP, Oracle US) come DEFAULT per imagery EO, dati C2, telemetria, dati personali UE","Sovranità dati UE (GDPR Art.44-50 + Schrems II + Data Act 2024). Eccezione solo con accordo + DPIA + DR","StNeed-014 + SyR-C-003 + SsR-GS-002 + RESERVED-rischi-geopolitici","NegR","Boundary B2","data-privacy-counsel","Critical","I (provider contracts + audit semestrale)","Active","All phases","-","RSK-REG-021","high","Imagery EO o dati UE in datacenter US senza accordo + DPIA → violazione GDPR+NIS2+sovranità"
"NegR-Geo-002","Sistema NON deve sviluppare capability dual-use militare offensiva (armamento, weapon-mount, kinetic, targeting militare letale)","Scope civile + boundary B1 cooperative + ISR difensivo only (NATO DIANA conditional)","Boundary B1 + Cap.5.7.2 + RESERVED-rischi-geopolitici","NegR","Boundary B1","sovereign-strategist","Critical","I (payload roadmap + contracts no-offensive clause)","Active","All phases","-","-","high","Firma contratto/PoC per integrazione payload kinetic/weapon/targeting → re-baseline governance"
"NegR-Geo-003","Sistema NON deve operare in difesa pura (clienti unici Difesa/NATO ISR/strike) senza separazione strutturale (società dedicata, governance separata)","Commistione civile-difesa pura compromette natura cooperativa + eligibility bandi civili","Boundary B1 + Cap.5.7.2 + Cap.7.3","NegR","Boundary B1","sovereign-strategist","High","I (bilancio + segregazione revenue stream)","Active","All phases","-","-","high",">30% fatturato annuo da clienti Difesa nazionali senza società/divisione separata"
"NegR-Geo-004","Sistema NON deve dipendere, per sottosistemi critici Phase B (6B), da componenti ITAR-classified US senza piano EU-sourcing alternative","Sovranità tech + ITAR limita export control. FCS DAL-C, GNSS anti-spoofing, propulsion solare, batterie LiS/SS = EU sourced o EU alternative entro M+24","Boundary B2 + RESERVED + SyR-F-005 + RSK-GEO-001","NegR","Boundary B2","sovereign-strategist","High","I (BoM ITAR flag + audit annuale)","Active","Phase B+","-","-","medium",">20% valore BoM Phase B in componenti ITAR US senza piano EU-sourcing entro M+24"
"NegR-Reg-001","Sistema NON deve trattare dati personali (volti riconoscibili, targhe, biometrici, geolocalizzazione individuale) senza DPIA documentata + approvata dal DPO (e Garante se richiesto)","GDPR Art.35-36 DPIA obbligatoria. Posizione Garante 2025 droni urbani. Sanzioni fino 4% fatturato globale","StNeed-008+014 + SyR-C-003 + SsR-GS-003","NegR","SyR-C-003","data-privacy-counsel","Critical","I (registro trattamenti + DPIA per use case)","Active","All phases","-","RSK-TEC-006","high","Missione operativa acquisisce imagery riconoscibile senza DPIA depositata e validata DPO"
"NegR-Reg-002","Sistema NON deve eseguire onboard processing dati biometrici (face recognition, identificazione individuale ML in-flight) né classificare individui in categorie sensibili","AI Act Art.5 (pratiche proibite) + Art.6 Annex III. Pipeline ML on-board = anonimizzazione edge-level (non identification)","SyR-C-007 + SsR-PAY-013 + SsR-GS-003 + AI Act + Garante","NegR","SyR-C-007","data-privacy-counsel","High","I (algorithmic audit + ML pipeline design review)","Active","All phases","-","RSK-REG-016","high","Pipeline ML on-board che esegue identificazione biometrica individuale >1:N senza anonimizzazione preventiva"
"NegR-Reg-003","Sistema NON deve operare in spazio aereo controllato (CTR, TMA, AWY, classi A-D ICAO) senza coordinamento formale ENAV/D-Flight + clearance ATC esplicita","Reg.UE 2019/947 + ENAC Reg.APR Ed.3 + ENAV U-Space. Operazioni HALE Phase B richiedono climb/descent CTR Genova/Milano/Roma","StNeed-011 + SyR-F-002 + SyR-S-004 + IR-ENAV-001","NegR","SyR-S-004","aviation-regulatory-counsel","High","I (LoA ENAV + Operations Manual ATC procedures)","Active","All phases","-","RSK-REG-030","high","Volo BVLOS in CTR senza LoA ENAV + clearance ATC → enforcement ENAC + sospensione"
"NegR-Tech-001","Sistema NON deve sviluppare Type Certificate proprio EASA Part 21J (DOA+TC) IN AUTONOMIA per HALE Phase B: TC richiede consorzio EU (lead OEM Tier 1 + Firmamento technology partner / service operator)","CapEx TC EASA full-cycle: €50-200M + 5-8 anni + 50-150 FTE qualified. Strategy = certification via consorzio EU lead OEM","Boundary B2 + Cap.5.1 + Cap.6.2 + RSK-FIN-001","NegR","Boundary B2","aviation-regulatory-counsel","High","I (piano certificazione + roadmap consorzio)","Active","Phase B+","-","RSK-TEC-003","high","Attivazione programma TC standalone Firmamento HALE con budget >€5M + timeline >24m senza partner lead OEM"
"NegR-Tech-002","Sistema NON deve usare componenti DJI (o vendor cinesi soggetti ban/restrizioni EU/USA) come componenti critici C2/autopilota/gimbal/GS per applicazioni sicurezza nazionale o PA italiana","Trump-era export ban DJI USA (NDAA 2024); MIT/MEF/ACN posizione su componentistica CN in PA italiana (NIS2 + Golden Power)","SyR-C-004 + AS-008 vendor JOUAV CN + RESERVED + SsR-AVI-016","NegR","SyR-C-004","avionics-gnc-engineer","Medium","I (BoM audit + no-DJI clause contratti)","Active","All phases","-","RSK-SUP-001","medium","Vendor JOUAV (CN) bannato EU entro M+12 senza piano sostituzione EU vendor (Quantum, FlyingBasket) documentato"
"NegR-Tech-003","Sistema NON deve trasferire ground segment, mission control, data hosting, dati operativi a infrastrutture extra-UE come DEFAULT operativo, anche se più economiche","Sovranità tech + GDPR + NIS2 + accordi quadro PA italiana (cloud certificato AgID/ACN, PSN)","SyR-C-004 + SyR-C-008 + SsR-GS-002 + NegR-Geo-001","NegR","SyR-C-008","data-privacy-counsel","High","I (datacenter location + certificazioni AgID/ACN/GAIA-X)","Active","All phases","-","RSK-REG-021","high","Spostamento ground segment o data hosting in datacenter extra-UE per costi, senza accordo + DPIA"
"NegR-Mkt-001","Sistema NON deve essere comunicato pubblicamente come 'alternativa europea a Starlink' o 'Starlink europeo' in materiali ufficiali","Boundary B2 (linguaggio pubblico: 'complementare a IRIS²'). Geopolitica: evitare confronto US strategico + preservare opzionalità consorzio EU","Boundary B2 + RESERVED-rischi-geopolitici","NegR","Boundary B2","sovereign-strategist","Critical","I (process audit materiali pubblici pre-publication)","Active","All phases","-","-","boundary","Linguaggio 'alternativa Starlink' / 'Starlink europeo' appare in materiali pubblici ufficiali"
"NegR-Mkt-002","Sistema NON deve essere comunicato come 'capability militare offensiva' o 'arma' o 'UCAV' in materiali ufficiali (anche conferenze difesa)","Coerenza NegR-Geo-002 + NegR-Geo-003. Positioning = 'ISR civili + dual-use difensivo NATO DIANA conditional'","Boundary B1 + Cap.5.7.2 + NegR-Geo-002","NegR","NegR-Geo-002","sovereign-strategist","High","I (process audit pre-publication + monitoring stampa)","Active","All phases","-","-","high","Materiale pubblico ufficiale usa 'UCAV', 'armamento', 'strike capability'"
"VR-F-001.1","Verify SyR-F-001 by Analysis del payload+platform per GSD calculation","V&V plan for SyR-F-001 (NASA SE §5.3-5.4)","SyR-F-001","VR","SyR-F-001","V&V engineer","M","A","Planned","Phase A","TS-PAYLOAD-EO","-","high","VR fails or returns negative for SyR-F-001"
"VR-F-001.2","Verify SyR-F-001 by Test in volo Pentema con GSD fly-and-measure","V&V plan for SyR-F-001 (NASA SE §5.3-5.4)","SyR-F-001","VR","SyR-F-001","V&V engineer","M","T","Planned","Phase A","TS-PAYLOAD-EO","-","high","VR fails or returns negative for SyR-F-001"
"VR-F-002.1","Verify SyR-F-002 by Inspection ENAC SORA approval letter","V&V plan for SyR-F-002 (NASA SE §5.3-5.4)","SyR-F-002","VR","SyR-F-002","V&V engineer","M","I","Planned","Pre-A","-","-","high","VR fails or returns negative for SyR-F-002"
"VR-F-003.1","Verify SyR-F-003 by Demonstration scenario fuoco-pilota Pentema","V&V plan for SyR-F-003 (NASA SE §5.3-5.4)","SyR-F-003","VR","SyR-F-003","V&V engineer","M","D","Planned","Phase A","-","-","high","VR fails or returns negative for SyR-F-003"
"VR-F-003.2","Verify SyR-F-003 by Analysis FAR (False Alarm Rate) target ≤5%","V&V plan for SyR-F-003 (NASA SE §5.3-5.4)","SyR-F-003","VR","SyR-F-003","V&V engineer","M","A","Planned","Phase A","-","-","high","VR fails or returns negative for SyR-F-003"
"VR-F-004.1","Verify SyR-F-004 by Test LTE coverage in raggio 5 km da velivolo","V&V plan for SyR-F-004 (NASA SE §5.3-5.4)","SyR-F-004","VR","SyR-F-004","V&V engineer","M","T","Planned","Phase A","-","-","high","VR fails or returns negative for SyR-F-004"
"VR-F-005.1","Verify SyR-F-005 by Analysis energy balance perennial estate completa","V&V plan for SyR-F-005 (NASA SE §5.3-5.4)","SyR-F-005","VR","SyR-F-005","V&V engineer","M","A","Planned","Phase B","TS-PROP-6B","-","high","VR fails or returns negative for SyR-F-005"
"VR-F-005.2","Verify SyR-F-005 by Test subscale prototype in test bed stratosferico TRL 5","V&V plan for SyR-F-005 (NASA SE §5.3-5.4)","SyR-F-005","VR","SyR-F-005","V&V engineer","M","T","Open","Phase B","TS-PROP-6B","-","medium","VR fails or returns negative for SyR-F-005"
"VR-F-006.1","Verify SyR-F-006 by Demonstration SAR scenario VVF","V&V plan for SyR-F-006 (NASA SE §5.3-5.4)","SyR-F-006","VR","SyR-F-006","V&V engineer","M","D","Open","Phase A","-","-","medium","VR fails or returns negative for SyR-F-006"
"VR-F-007.1","Verify SyR-F-007 by Analysis multispectral + Test cooperative agricole","V&V plan for SyR-F-007 (NASA SE §5.3-5.4)","SyR-F-007","VR","SyR-F-007","V&V engineer","M","A+T","Open","Phase A","TS-PAYLOAD-EO","-","medium","VR fails or returns negative for SyR-F-007"
"VR-F-008.1","Verify SyR-F-008 by Test ortomosaico accuracy ≤2m posizionale","V&V plan for SyR-F-008 (NASA SE §5.3-5.4)","SyR-F-008","VR","SyR-F-008","V&V engineer","M","T","Open","Phase A","-","-","medium","VR fails or returns negative for SyR-F-008"
"VR-F-009.1","Verify SyR-F-009 by Demonstration missione Enti Parco stagionale","V&V plan for SyR-F-009 (NASA SE §5.3-5.4)","SyR-F-009","VR","SyR-F-009","V&V engineer","M","D","Open","Phase A","-","-","medium","VR fails or returns negative for SyR-F-009"
"VR-F-010.1","Verify SyR-F-010 by Analysis link budget HAPS NTN + Test gNodeB subscale","V&V plan for SyR-F-010 (NASA SE §5.3-5.4)","SyR-F-010","VR","SyR-F-010","V&V engineer","M","A+T","Open","Phase B+","TS-COMMS","-","medium","VR fails or returns negative for SyR-F-010"
"VR-P-001.1","Verify SyR-P-001 by Test in volo autonomia 4h con payload pieno","V&V plan for SyR-P-001 (NASA SE §5.3-5.4)","SyR-P-001","VR","SyR-P-001","V&V engineer","M","T","Planned","Phase A","TS-PLATFORM-6A","-","high","VR fails or returns negative for SyR-P-001"
"VR-P-002.1","Verify SyR-P-002 by Test in volo cruise speed","V&V plan for SyR-P-002 (NASA SE §5.3-5.4)","SyR-P-002","VR","SyR-P-002","V&V engineer","M","T","Planned","Phase A","TS-PLATFORM-6A","-","high","VR fails or returns negative for SyR-P-002"
"VR-P-003.1","Verify SyR-P-003 by Inspection datasheet + Test peso bilancia ground","V&V plan for SyR-P-003 (NASA SE §5.3-5.4)","SyR-P-003","VR","SyR-P-003","V&V engineer","M","I+T","Planned","Phase A","TS-PLATFORM-6A","-","high","VR fails or returns negative for SyR-P-003"
"VR-P-004.1","Verify SyR-P-004 by Analysis CFD + Test wind tunnel subscale","V&V plan for SyR-P-004 (NASA SE §5.3-5.4)","SyR-P-004","VR","SyR-P-004","V&V engineer","M","A+T","Open","Phase B","TS-MATERIAL","-","medium","VR fails or returns negative for SyR-P-004"
"VR-P-005.1","Verify SyR-P-005 by Analysis energy balance estate simulation completa","V&V plan for SyR-P-005 (NASA SE §5.3-5.4)","SyR-P-005","VR","SyR-P-005","V&V engineer","M","A","Planned","Phase B","TS-PROP-6B","-","high","VR fails or returns negative for SyR-P-005"
"VR-P-006.1","Verify SyR-P-006 by Analysis energy balance worst-case inverno","V&V plan for SyR-P-006 (NASA SE §5.3-5.4)","SyR-P-006","VR","SyR-P-006","V&V engineer","M","A","Planned","Phase B","TS-PROP-6B","-","high","VR fails or returns negative for SyR-P-006"
"VR-P-007.1","Verify SyR-P-007 by Analysis + Test GSD ground truth","V&V plan for SyR-P-007 (NASA SE §5.3-5.4)","SyR-P-007","VR","SyR-P-007","V&V engineer","M","A+T","Planned","Phase A","TS-PAYLOAD-EO","-","high","VR fails or returns negative for SyR-P-007"
"VR-P-008.1","Verify SyR-P-008 by Analysis + Test IR GSD ground truth","V&V plan for SyR-P-008 (NASA SE §5.3-5.4)","SyR-P-008","VR","SyR-P-008","V&V engineer","M","A+T","Planned","Phase A","TS-PAYLOAD-EO","-","high","VR fails or returns negative for SyR-P-008"
"VR-P-009.1","Verify SyR-P-009 by Test range C2 link Pentema","V&V plan for SyR-P-009 (NASA SE §5.3-5.4)","SyR-P-009","VR","SyR-P-009","V&V engineer","M","T","Planned","Phase A","TS-COMMS","-","high","VR fails or returns negative for SyR-P-009"
"VR-P-010.1","Verify SyR-P-010 by Analysis + Test throughput downlink","V&V plan for SyR-P-010 (NASA SE §5.3-5.4)","SyR-P-010","VR","SyR-P-010","V&V engineer","M","A+T","Planned","Phase A","TS-COMMS","-","high","VR fails or returns negative for SyR-P-010"
"VR-P-011.1","Verify SyR-P-011 by Inspection MTOW + bilancia ground","V&V plan for SyR-P-011 (NASA SE §5.3-5.4)","SyR-P-011","VR","SyR-P-011","V&V engineer","M","I","Planned","Pre-A","-","-","high","VR fails or returns negative for SyR-P-011"
"VR-P-012.1","Verify SyR-P-012 by Analysis + Test peso 6B prototipo","V&V plan for SyR-P-012 (NASA SE §5.3-5.4)","SyR-P-012","VR","SyR-P-012","V&V engineer","M","A+T","Open","Phase B","TS-MATERIAL","-","medium","VR fails or returns negative for SyR-P-012"
"VR-O-001.1","Verify SyR-O-001 by Demonstration uptime monitoring Y1","V&V plan for SyR-O-001 (NASA SE §5.3-5.4)","SyR-O-001","VR","SyR-O-001","V&V engineer","M","D","Planned","Phase A","-","-","high","VR fails or returns negative for SyR-O-001"
"VR-O-002.1","Verify SyR-O-002 by Demonstration reaction time emergenza","V&V plan for SyR-O-002 (NASA SE §5.3-5.4)","SyR-O-002","VR","SyR-O-002","V&V engineer","M","D","Planned","Phase A","-","-","high","VR fails or returns negative for SyR-O-002"
"VR-O-003.1","Verify SyR-O-003 by Inspection datasheet + Test ops invernali Pentema","V&V plan for SyR-O-003 (NASA SE §5.3-5.4)","SyR-O-003","VR","SyR-O-003","V&V engineer","M","I+T","Planned","Phase A","-","-","high","VR fails or returns negative for SyR-O-003"
"VR-O-004.1","Verify SyR-O-004 by Demonstration turnaround between missions","V&V plan for SyR-O-004 (NASA SE §5.3-5.4)","SyR-O-004","VR","SyR-O-004","V&V engineer","M","D","Planned","Phase A","-","-","high","VR fails or returns negative for SyR-O-004"
"VR-O-005.1","Verify SyR-O-005 by Inspection crew training certificates","V&V plan for SyR-O-005 (NASA SE §5.3-5.4)","SyR-O-005","VR","SyR-O-005","V&V engineer","M","I","Planned","Pre-A","-","-","high","VR fails or returns negative for SyR-O-005"
"VR-O-006.1","Verify SyR-O-006 by Inspection Operations Manual + SOPs","V&V plan for SyR-O-006 (NASA SE §5.3-5.4)","SyR-O-006","VR","SyR-O-006","V&V engineer","M","I","Planned","Phase A","-","-","high","VR fails or returns negative for SyR-O-006"
"VR-O-007.1","Verify SyR-O-007 by Inspection + Demonstration ENAV LoA + ConOps","V&V plan for SyR-O-007 (NASA SE §5.3-5.4)","SyR-O-007","VR","SyR-O-007","V&V engineer","M","I+D","Open","Phase B","-","-","medium","VR fails or returns negative for SyR-O-007"
"VR-O-008.1","Verify SyR-O-008 by Inspection maintenance plan + spare parts stock","V&V plan for SyR-O-008 (NASA SE §5.3-5.4)","SyR-O-008","VR","SyR-O-008","V&V engineer","M","I","Planned","Phase A","-","-","high","VR fails or returns negative for SyR-O-008"
"VR-S-001.1","Verify SyR-S-001 by Demonstration + Test lost-link behaviour profile","V&V plan for SyR-S-001 (NASA SE §5.3-5.4)","SyR-S-001","VR","SyR-S-001","V&V engineer","M","D+T","Planned","Phase A","-","-","high","VR fails or returns negative for SyR-S-001"
"VR-S-002.1","Verify SyR-S-002 by Test drop parachute recovery","V&V plan for SyR-S-002 (NASA SE §5.3-5.4)","SyR-S-002","VR","SyR-S-002","V&V engineer","M","T","Planned","Phase A","-","-","high","VR fails or returns negative for SyR-S-002"
"VR-S-003.1","Verify SyR-S-003 by Inspection sensor architecture ridondanza","V&V plan for SyR-S-003 (NASA SE §5.3-5.4)","SyR-S-003","VR","SyR-S-003","V&V engineer","M","I","Planned","Phase A","-","-","high","VR fails or returns negative for SyR-S-003"
"VR-S-004.1","Verify SyR-S-004 by Inspection + Demonstration DAA ADS-B integration","V&V plan for SyR-S-004 (NASA SE §5.3-5.4)","SyR-S-004","VR","SyR-S-004","V&V engineer","M","I+D","Open","Phase B","-","-","medium","VR fails or returns negative for SyR-S-004"
"VR-S-005.1","Verify SyR-S-005 by Analysis FTA failure rate calculation","V&V plan for SyR-S-005 (NASA SE §5.3-5.4)","SyR-S-005","VR","SyR-S-005","V&V engineer","M","A","Open","Phase B","-","-","medium","VR fails or returns negative for SyR-S-005"
"VR-S-006.1","Verify SyR-S-006 by Inspection + Test penetration cyber-security","V&V plan for SyR-S-006 (NASA SE §5.3-5.4)","SyR-S-006","VR","SyR-S-006","V&V engineer","M","I+T","Planned","Phase A","-","-","high","VR fails or returns negative for SyR-S-006"
"VR-S-007.1","Verify SyR-S-007 by Inspection + Test geofence enforcement","V&V plan for SyR-S-007 (NASA SE §5.3-5.4)","SyR-S-007","VR","SyR-S-007","V&V engineer","M","I+T","Planned","Phase A","-","-","high","VR fails or returns negative for SyR-S-007"
"VR-S-008.1","Verify SyR-S-008 by Inspection ATEX hangar compliance","V&V plan for SyR-S-008 (NASA SE §5.3-5.4)","SyR-S-008","VR","SyR-S-008","V&V engineer","M","I","Planned","Phase A","-","-","high","VR fails or returns negative for SyR-S-008"
"VR-E-001.1","Verify SyR-E-001 by Inspection powertrain configuration","V&V plan for SyR-E-001 (NASA SE §5.3-5.4)","SyR-E-001","VR","SyR-E-001","V&V engineer","M","I","Planned","Phase A","-","-","high","VR fails or returns negative for SyR-E-001"
"VR-E-002.1","Verify SyR-E-002 by Test ground noise measurement","V&V plan for SyR-E-002 (NASA SE §5.3-5.4)","SyR-E-002","VR","SyR-E-002","V&V engineer","M","T","Planned","Phase A","-","-","high","VR fails or returns negative for SyR-E-002"
"VR-E-003.1","Verify SyR-E-003 by Inspection BoM bio/recycled %","V&V plan for SyR-E-003 (NASA SE §5.3-5.4)","SyR-E-003","VR","SyR-E-003","V&V engineer","M","I","Open","Phase B","TS-MATERIAL","-","medium","VR fails or returns negative for SyR-E-003"
"VR-E-004.1","Verify SyR-E-004 by Analysis LCA cradle-to-grave","V&V plan for SyR-E-004 (NASA SE §5.3-5.4)","SyR-E-004","VR","SyR-E-004","V&V engineer","M","A","Open","Phase A","-","-","medium","VR fails or returns negative for SyR-E-004"
"VR-E-005.1","Verify SyR-E-005 by Inspection EOL/takeback plan documentato","V&V plan for SyR-E-005 (NASA SE §5.3-5.4)","SyR-E-005","VR","SyR-E-005","V&V engineer","M","I","Open","Phase B","-","-","medium","VR fails or returns negative for SyR-E-005"
"VR-C-001.1","Verify SyR-C-001 by Inspection ENAC compliance audit","V&V plan for SyR-C-001 (NASA SE §5.3-5.4)","SyR-C-001","VR","SyR-C-001","V&V engineer","M","I","Planned","Pre-A","-","-","high","VR fails or returns negative for SyR-C-001"
"VR-C-002.1","Verify SyR-C-002 by Inspection EASA AMC/GM compliance check","V&V plan for SyR-C-002 (NASA SE §5.3-5.4)","SyR-C-002","VR","SyR-C-002","V&V engineer","M","I","Planned","Pre-A","-","-","high","VR fails or returns negative for SyR-C-002"
"VR-C-003.1","Verify SyR-C-003 by Inspection DPIA documentata + approvazione DPO","V&V plan for SyR-C-003 (NASA SE §5.3-5.4)","SyR-C-003","VR","SyR-C-003","V&V engineer","M","I","Planned","Pre-A","-","-","high","VR fails or returns negative for SyR-C-003"
"VR-C-004.1","Verify SyR-C-004 by Inspection ISMS + Analysis cyber maturity","V&V plan for SyR-C-004 (NASA SE §5.3-5.4)","SyR-C-004","VR","SyR-C-004","V&V engineer","M","I+A","Planned","Phase A","-","-","high","VR fails or returns negative for SyR-C-004"
"VR-C-005.1","Verify SyR-C-005 by Inspection certificazione 9100/9001","V&V plan for SyR-C-005 (NASA SE §5.3-5.4)","SyR-C-005","VR","SyR-C-005","V&V engineer","M","I","Open","Phase B","-","-","medium","VR fails or returns negative for SyR-C-005"
"VR-C-006.1","Verify SyR-C-006 by Inspection PFTE conformità Allegato I.7","V&V plan for SyR-C-006 (NASA SE §5.3-5.4)","SyR-C-006","VR","SyR-C-006","V&V engineer","M","I","Verified","Pre-A","-","-","medium","VR fails or returns negative for SyR-C-006"
"VR-C-007.1","Verify SyR-C-007 by Inspection + Analysis AI Act risk categorization","V&V plan for SyR-C-007 (NASA SE §5.3-5.4)","SyR-C-007","VR","SyR-C-007","V&V engineer","M","I+A","Open","Phase A","-","-","medium","VR fails or returns negative for SyR-C-007"
"VR-C-008.1","Verify SyR-C-008 by Inspection cloud provider PSN-qualified","V&V plan for SyR-C-008 (NASA SE §5.3-5.4)","SyR-C-008","VR","SyR-C-008","V&V engineer","M","I","Open","Phase A","-","-","medium","VR fails or returns negative for SyR-C-008"
"VR-C-009.1","Verify SyR-C-009 by Inspection CE marking ground equipment","V&V plan for SyR-C-009 (NASA SE §5.3-5.4)","SyR-C-009","VR","SyR-C-009","V&V engineer","M","I","Open","Phase B","-","-","medium","VR fails or returns negative for SyR-C-009"
"VR-C-010.1","Verify SyR-C-010 by Inspection assicurazione polizza","V&V plan for SyR-C-010 (NASA SE §5.3-5.4)","SyR-C-010","VR","SyR-C-010","V&V engineer","M","I","Open","Phase A","-","-","medium","VR fails or returns negative for SyR-C-010"
"VR-C-011.1","Verify SyR-C-011 by Inspection ITU-R coordination filing","V&V plan for SyR-C-011 (NASA SE §5.3-5.4)","SyR-C-011","VR","SyR-C-011","V&V engineer","M","I","Open","Phase B","-","-","medium","VR fails or returns negative for SyR-C-011"
"VR-C-012.1","Verify SyR-C-012 by Inspection modello 231 + risk management","V&V plan for SyR-C-012 (NASA SE §5.3-5.4)","SyR-C-012","VR","SyR-C-012","V&V engineer","M","I","Open","Phase A","-","-","medium","VR fails or returns negative for SyR-C-012"
"VR-Cost-001.1","Verify SyR-Cost-001 by Analysis Quadro Economico vs target €1.2M","V&V plan for SyR-Cost-001 (NASA SE §5.3-5.4)","SyR-Cost-001","VR","SyR-Cost-001","V&V engineer","M","A","Planned","Phase A","-","-","high","VR fails or returns negative for SyR-Cost-001"
"VR-Cost-002.1","Verify SyR-Cost-002 by Analysis OpEx Y2 vs €450k","V&V plan for SyR-Cost-002 (NASA SE §5.3-5.4)","SyR-Cost-002","VR","SyR-Cost-002","V&V engineer","M","A","Planned","Phase A","-","-","high","VR fails or returns negative for SyR-Cost-002"
"VR-Cost-003.1","Verify SyR-Cost-003 by Demonstration contratti firmati Y1 ≥€200k","V&V plan for SyR-Cost-003 (NASA SE §5.3-5.4)","SyR-Cost-003","VR","SyR-Cost-003","V&V engineer","M","D","Planned","Phase A","-","-","high","VR fails or returns negative for SyR-Cost-003"
"VR-Cost-004.1","Verify SyR-Cost-004 by Inspection contratti (no asset sale)","V&V plan for SyR-Cost-004 (NASA SE §5.3-5.4)","SyR-Cost-004","VR","SyR-Cost-004","V&V engineer","M","I","Planned","Pre-A","-","-","high","VR fails or returns negative for SyR-Cost-004"
"VR-Cost-005.1","Verify SyR-Cost-005 by Inspection funding plan + LoI","V&V plan for SyR-Cost-005 (NASA SE §5.3-5.4)","SyR-Cost-005","VR","SyR-Cost-005","V&V engineer","M","I","Planned","Pre-A","-","-","high","VR fails or returns negative for SyR-Cost-005"
"VR-Cost-006.1","Verify SyR-Cost-006 by Analysis customer concentration Y2","V&V plan for SyR-Cost-006 (NASA SE §5.3-5.4)","SyR-Cost-006","VR","SyR-Cost-006","V&V engineer","M","A","Open","Phase A","-","-","medium","VR fails or returns negative for SyR-Cost-006"
"VR-Cost-007.1","Verify SyR-Cost-007 by Demonstration pricing + LoI cliente PA","V&V plan for SyR-Cost-007 (NASA SE §5.3-5.4)","SyR-Cost-007","VR","SyR-Cost-007","V&V engineer","M","D","Open","Phase A","-","-","medium","VR fails or returns negative for SyR-Cost-007"
"VR-Cost-008.1","Verify SyR-Cost-008 by Analysis NPV sensitivity Y3-Y4","V&V plan for SyR-Cost-008 (NASA SE §5.3-5.4)","SyR-Cost-008","VR","SyR-Cost-008","V&V engineer","M","A","Planned","Phase A","-","-","high","VR fails or returns negative for SyR-Cost-008"
"VR-Cost-009.1","Verify SyR-Cost-009 by Analysis premio assicurazione","V&V plan for SyR-Cost-009 (NASA SE §5.3-5.4)","SyR-Cost-009","VR","SyR-Cost-009","V&V engineer","M","A","Open","Phase A","-","-","medium","VR fails or returns negative for SyR-Cost-009"
"VR-Cost-010.1","Verify SyR-Cost-010 by Analysis funding mix multi-source Phase B","V&V plan for SyR-Cost-010 (NASA SE §5.3-5.4)","SyR-Cost-010","VR","SyR-Cost-010","V&V engineer","M","A","Open","Phase B","-","-","medium","VR fails or returns negative for SyR-Cost-010"
